Record_ID,Age,Tenure_Months,Monthly_Charge,Total_Spend,Support_Calls,Support_Tickets,Satisfaction_Score,Monthly_Usage_Hours,Gender,Region,Plan_Type,AutoPay,International_Plan,Signup_Date,Target_Column
1,46.0,47.0,76.63,3379.46,4.0,0.0,9.4,98.8,Female,South,Basic,True,False,2025-04-15,0
2,33.0,7.0,60.9,474.67,0.0,1.0,5.2,69.8,Male,West,Basic,True,False,2025-11-15,0
3,32.4,25.0,86.95,2064.98,4.0,1.0,5.8,66.7,Female,Suburban,Basic,False,False,2025-01-15,1
4,33.6,86.0,87.09,7654.2,1.0,1.0,4.7,106.9,Male,North,Basic,False,False,2025-09-15,0
5,42.6,91.0,105.84,9607.88,4.0,1.0,6.0,126.6,Other,North,Standard,True,False,2025-11-15,1
6,47.0,47.0,97.15,4398.44,3.0,2.0,6.1,75.3,Female,Suburban,Basic,True,False,2025-10-15,0
7,39.1,4.0,90.87,558.08,5.0,3.0,5.5,60.8,Male,urban,Premium,True,True,2025-03-15,1
8,41.1,85.0,47.25,3909.25,0.0,1.0,6.4,94.0,Male,URBAN,Basic,True,False,2025-04-15,0
9,51.0,58.0,88.18,5388.52,4.0,2.0,5.8,59.7,Female,Urban,Basic,False,False,2025-02-15,1
10,18.0,9.0,78.71,639.85,2.0,2.0,5.0,92.6,Other,Urban,Premium,False,False,2025-05-15,1
11,18.0,12.0,71.87,882.91,2.0,1.0,7.4,60.8,Other,North,Standard,True,True,2025-02-15,0
12,53.7,9.0,86.84,621.18,6.0,3.0,5.4,83.0,Female,URBAN,Basic,True,True,2025-11-15,1
13,21.4,37.0,78.77,3021.8,2.0,2.0,5.2,72.1,Other,Urban,Standard,False,False,2025-02-15,1
14,52.5,29.0,86.33,2182.04,4.0,0.0,4.8,98.3,Female,North,Standard,True,False,2025-02-15,0
15,43.0,36.0,84.13,3073.9,5.0,0.0,7.4,63.7,Female,West,Premium,True,True,2025-05-15,0
16,52.6,9.0,98.3,689.78,6.0,4.0,4.5,67.4,Female,Rural,Standard,True,False,2025-03-15,1
17,39.1,80.0,92.82,7667.72,5.0,3.0,4.7,119.5,Other,Urban,Basic,True,False,2025-05-15,1
18,37.3,1.0,84.48,59.65,5.0,4.0,5.1,77.6,Male,South,Standard,True,False,2025-09-15,0
19,47.6,3.0,105.86,329.22,2.0,4.0,7.2,49.4,Female,West,Basic,False,False,2025-05-15,0
20,46.2,57.0,158.45,9298.09,7.0,3.0,6.3,71.4,Female,Suburban,Basic,True,False,2025-01-15,1
21,48.2,1.0,37.95,-140.68,2.0,2.0,5.3,64.8,Female,West,Premium,True,False,2025-07-15,0
22,56.4,134.0,113.38,14787.26,5.0,2.0,5.2,150.0,Other,urban,Basic,True,True,2025-12-15,1
23,61.2,38.0,85.7,3332.05,7.0,2.0,8.3,64.8,Female,Urban,Basic,True,True,2025-07-15,1
24,37.2,3.0,108.04,-324.13,2.0,0.0,4.0,35.5,Male,Rural,Basic,False,False,2025-04-15,1
25,57.3,25.0,46.28,1238.06,4.0,0.0,7.3,60.5,Other,Suburban,Standard,True,False,2025-10-15,0
26,18.0,37.0,103.01,4238.01,0.0,1.0,7.1,66.0,Female,URBAN,Premium,True,False,2025-06-15,0
27,32.5,42.0,71.29,3174.11,4.0,3.0,7.2,93.2,Male,West,basic,False,False,2025-09-15,0
28,32.0,96.0,112.44,10750.58,7.0,2.0,6.4,126.6,Male,Rural,Basic,False,False,2025-02-15,0
29,43.9,108.0,89.0,9994.15,6.0,2.0,8.1,129.8,Other,East,Standard,False,False,2025-07-15,1
30,31.6,28.0,75.42,2306.89,3.0,1.0,7.3,62.7,Other,South,Basic,False,True,2025-08-15,1
31,34.8,62.0,86.48,5267.33,4.0,0.0,8.7,81.5,Other,Suburban,Basic,False,False,2025-01-15,0
32,31.4,54.0,76.53,,7.0,2.0,6.4,81.2,Other,South,Standard,True,True,2025-05-15,1
33,55.3,31.0,91.62,2818.38,5.0,2.0,6.5,95.2,Female,Urban,Basic,False,True,2025-03-15,1
34,40.3,35.0,86.96,,7.0,3.0,5.9,97.0,Other,Rural,Basic,False,False,2025-12-15,1
35,18.0,31.0,197.04000000000002,1653.69,4.0,2.0,4.4,112.1,Male,urban,basic,False,False,2025-09-15,1
36,39.1,59.0,76.16,4150.55,6.0,5.0,5.5,90.4,Female,South,Premium,False,False,2025-11-15,0
37,36.2,4.0,38.82,179.33,3.0,1.0,4.4,87.6,Male,Suburban,Standard,True,False,2025-06-15,0
38,41.4,68.0,114.63,8206.67,8.0,2.0,8.6,111.6,Other,East,Standard,True,True,2025-01-15,1
39,52.7,17.0,38.23,827.04,2.0,1.0,6.0,95.2,Male,Urban,,False,False,2025-06-15,0
40,19.6,22.0,73.29,1611.12,4.0,2.0,6.9,52.2,Male,urban,Basic,True,False,2025-10-15,0
41,64.7,6.0,64.81,282.83,2.0,0.0,4.8,59.2,Female,South,Basic,True,False,2025-02-15,0
42,31.6,74.0,89.08,6762.16,2.0,1.0,5.9,72.4,Male,Suburban,Standard,True,False,2025-11-15,0
43,,1.0,65.22,235.5,1.0,2.0,6.2,41.4,Male,Rural,Premium,True,False,2025-05-15,1
44,37.8,13.0,71.64,802.06,1.0,0.0,7.3,84.7,Female,Suburban,Premium,False,False,2025-04-15,0
45,40.9,31.0,58.97,1740.1,6.0,1.0,8.8,49.3,Other,Suburban,Standard,False,False,2025-04-15,0
46,23.2,3.0,81.86,153.96,2.0,0.0,6.1,44.2,Other,urban,Basic,True,False,2025-11-15,1
47,18.0,145.0,112.69,16292.67,3.0,3.0,6.9,112.9,Other,Urban,Basic,False,False,2025-08-15,0
48,51.2,7.0,56.17,240.51,0.0,1.0,7.1,45.4,Male,South,Basic,True,False,2025-06-15,0
49,73.4,1.0,37.98,-134.1,2.0,0.0,6.1,75.7,Male,North,Standard,False,False,2025-10-15,0
50,18.0,15.0,57.06,889.88,3.0,0.0,7.1,64.4,Other,West,Basic,False,False,2025-11-15,0
51,32.9,6.0,82.97,576.69,3.0,2.0,6.0,82.0,Male,North,Basic,False,False,2025-06-15,1
52,18.0,49.0,72.77,3249.67,3.0,2.0,6.8,99.9,Female,South,Standard,True,False,2025-11-15,0
53,29.5,56.0,73.19,4225.34,8.0,3.0,7.3,70.9,Male,Rural,Basic,True,False,2025-12-15,0
54,35.8,61.0,98.78,5971.77,2.0,1.0,7.8,72.1,Female,Rural,Basic,False,False,2025-07-15,0
55,20.4,15.0,78.62,823.55,6.0,2.0,6.7,120.4,Other,West,Basic,False,True,2025-07-15,0
56,41.3,42.0,92.92,3945.82,5.0,1.0,4.7,118.7,Female,Urban,Basic,False,False,2025-12-15,0
57,28.1,150.0,97.48,15130.38,5.0,1.0,8.3,123.3,Other,North,Standard,True,False,2025-02-15,0
58,49.9,15.0,74.47,1371.02,2.0,1.0,5.0,64.5,Female,North,Basic,True,False,2025-02-15,0
59,37.2,31.0,90.12,2590.41,5.0,2.0,10.0,76.7,Other,West,Basic,True,False,2025-08-15,0
60,38.6,7.0,74.5,514.95,2.0,1.0,6.3,93.6,Female,East,Basic,True,False,2025-08-15,0
61,25.9,7.0,75.47,246.82,2.0,2.0,7.1,48.0,Male,West,Premium,False,True,2025-08-15,1
62,48.7,1.0,47.62,67.37,2.0,0.0,5.2,74.8,Other,Suburban,Basic,True,False,2025-09-15,0
63,42.8,18.0,78.66,1199.58,5.0,2.0,3.9,104.3,Male,North,basic,False,False,2025-03-15,1
64,31.5,32.0,48.23,1694.66,0.0,1.0,4.1,65.1,Male,URBAN,Standard,False,False,2025-07-15,1
65,39.5,80.0,108.07,8578.14,7.0,0.0,7.5,65.8,Male,North,Basic,False,False,2025-07-15,0
66,24.5,11.0,74.22,855.55,1.0,0.0,10.0,79.9,Female,urban,Premium,False,False,2025-05-15,1
67,43.1,33.0,96.25,2975.62,5.0,3.0,5.6,80.5,Other,URBAN,Standard,False,False,2025-09-15,1
68,28.9,45.0,51.97,2453.28,0.0,1.0,6.8,86.1,Female,Rural,Basic,True,True,2025-04-15,0
69,33.1,24.0,77.24,1515.85,5.0,1.0,7.0,65.3,Other,North,Standard,True,False,2025-01-15,0
70,48.5,57.0,70.15,3781.03,5.0,2.0,6.3,100.9,Other,Urban,Basic,True,False,2025-08-15,0
71,49.8,38.0,89.97,3585.77,5.0,1.0,7.3,83.2,Other,Suburban,Premium,True,False,2025-03-15,0
72,45.4,127.0,91.13,11566.18,5.0,4.0,3.7,133.5,Male,North,basic,True,True,2025-03-15,1
73,55.1,2.0,52.51,187.53,0.0,1.0,8.0,66.7,Other,South,Standard,False,False,2025-04-15,1
74,41.0,100.0,111.31,11375.59,3.0,1.0,8.1,116.3,Other,URBAN,Basic,False,False,2025-04-15,0
75,59.0,9.0,61.34,492.01,1.0,0.0,5.5,49.1,Female,North,Standard,True,True,2025-11-15,0
76,18.0,40.0,53.85,2350.95,2.0,3.0,6.3,89.8,Female,Suburban,Basic,False,False,2025-04-15,1
77,33.8,7.0,59.42,288.47,5.0,0.0,6.4,40.0,Female,Urban,Basic,False,False,2025-03-15,1
78,33.4,9.0,84.46,1231.6,5.0,1.0,6.2,76.2,Male,urban,Standard,True,False,2025-01-15,0
79,43.4,38.0,84.29,3032.88,4.0,1.0,8.0,60.0,Other,Rural,Standard,True,True,2025-02-15,0
80,33.8,68.0,88.08,5292.99,2.0,2.0,7.4,130.9,Other,South,Standard,True,False,2025-05-15,0
81,51.2,72.0,92.83,6848.12,5.0,4.0,5.2,79.3,Male,East,Premium,False,True,2025-04-15,0
82,40.3,1.0,95.77,259.32,1.0,2.0,7.4,103.8,Female,Urban,Basic,False,True,2025-09-15,0
83,46.5,15.0,73.96,1230.97,4.0,0.0,7.3,75.7,Other,urban,Standard,True,False,2025-09-15,0
84,41.6,15.0,59.0,788.94,3.0,4.0,8.1,66.2,Other,North,Standard,False,False,2025-05-15,1
85,25.2,57.0,77.85,4232.93,5.0,0.0,8.7,114.7,Male,South,Premium,True,False,2025-05-15,0
86,47.8,19.0,71.82,1119.06,7.0,4.0,3.9,98.4,Other,South,Premium,False,False,2025-09-15,0
87,43.2,53.0,76.0,4141.89,4.0,2.0,8.3,96.3,Other,East,Basic,True,True,2025-04-15,0
88,31.9,8.0,107.62,712.78,4.0,1.0,5.7,83.9,Other,Urban,Basic,True,True,2025-05-15,1
89,34.6,32.0,27.92,1098.22,0.0,2.0,4.9,75.0,Male,Suburban,Standard,True,False,2025-02-15,0
90,68.8,43.0,78.15,3316.17,4.0,2.0,6.0,79.8,Male,URBAN,Premium,True,False,2025-01-15,1
91,61.6,58.0,283.26,5377.49,3.0,0.0,9.1,107.5,Other,Urban,Standard,True,False,2025-05-15,0
92,61.7,73.0,91.76,6877.41,5.0,2.0,6.6,115.5,Other,East,Standard,False,False,2025-12-15,0
93,60.8,3.0,74.56,17.36,2.0,3.0,4.7,76.6,Male,URBAN,Standard,False,False,2025-02-15,1
94,47.4,2.0,49.94,318.1,3.0,3.0,3.8,101.0,Female,East,Standard,False,False,2025-10-15,0
95,37.9,11.0,89.87,1148.7,4.0,1.0,8.8,81.0,Male,Suburban,,True,False,2025-01-15,0
96,33.4,127.0,81.97,10474.64,3.0,1.0,6.5,144.7,Male,urban,Basic,True,False,2025-06-15,0
97,35.7,125.0,72.61,9237.28,1.0,1.0,4.4,117.1,Other,West,Standard,True,True,2025-02-15,0
98,52.0,20.0,64.12,1412.28,0.0,1.0,8.0,94.5,Female,Urban,Standard,True,False,2025-10-15,0
99,52.4,8.0,76.38,545.63,2.0,0.0,8.1,65.0,Male,East,Premium,True,True,2025-03-15,0
100,37.7,25.0,83.97,2282.46,4.0,2.0,5.1,80.6,Male,East,Premium,True,False,2025-03-15,0
101,47.4,126.0,74.13,9395.91,2.0,2.0,7.7,132.9,Female,Urban,Standard,False,False,2025-11-15,0
102,51.6,30.0,82.15,2685.68,6.0,2.0,5.2,80.9,Other,West,Basic,False,False,2025-02-15,1
103,39.2,73.0,91.18,6723.91,7.0,3.0,7.7,107.9,Female,URBAN,Premium,False,False,2025-04-15,0
104,38.2,28.0,78.11,1931.52,0.0,1.0,4.4,67.9,Female,West,Premium,True,False,2025-06-15,1
105,59.7,34.0,97.0,2848.06,3.0,3.0,4.4,46.3,Male,urban,Premium,True,False,2025-04-15,1
106,56.6,60.0,93.28,5546.15,5.0,1.0,6.4,101.1,Female,North,Standard,True,False,2025-06-15,0
107,28.1,58.0,59.53,3070.22,4.0,2.0,4.9,84.5,Female,urban,Premium,True,False,2025-06-15,1
108,62.2,4.0,75.25,-17.62,4.0,4.0,6.5,64.8,Other,Suburban,Basic,False,False,2025-06-15,0
109,31.6,33.0,63.34,2320.17,2.0,2.0,5.3,94.4,Female,North,Basic,False,False,2025-03-15,0
110,42.9,21.0,58.56,992.23,4.0,2.0,8.2,103.0,Other,urban,Basic,True,False,2025-07-15,0
111,38.9,158.0,153.19,24287.59,4.0,2.0,7.3,150.0,Female,Urban,Standard,True,True,2025-07-15,1
112,26.8,15.0,58.77,888.43,1.0,0.0,6.1,81.5,Other,Suburban,Basic,True,False,2025-04-15,0
113,18.0,14.0,80.28,1262.94,7.0,2.0,7.2,68.5,Female,urban,Basic,True,False,2025-01-15,1
114,29.0,21.0,75.83,1445.23,6.0,4.0,5.9,86.1,Other,Suburban,Premium,False,False,2025-11-15,1
115,42.3,4.0,64.62,359.22,4.0,1.0,5.1,44.2,Male,West,Basic,True,True,2025-11-15,0
116,18.0,18.0,83.76,1938.83,1.0,2.0,6.5,67.0,Other,Urban,Standard,True,False,,0
117,46.8,13.0,84.59,1064.7,2.0,0.0,5.4,92.8,Other,urban,Standard,False,False,2025-07-15,0
118,39.7,33.0,92.96,2937.44,5.0,2.0,5.5,72.8,Female,Urban,Basic,True,True,2025-09-15,0
119,46.1,20.0,75.08,1514.49,0.0,1.0,4.9,82.0,Other,East,Basic,False,False,2025-07-15,1
120,31.7,189.0,106.55,20167.09,3.0,2.0,5.8,140.4,Female,East,Standard,True,False,2025-07-15,1
121,41.9,60.0,82.06,4616.8,5.0,3.0,5.9,109.8,Female,Suburban,Premium,True,False,2025-05-15,0
122,46.5,52.0,95.58,4964.34,4.0,1.0,8.0,70.1,Other,West,Basic,True,False,2025-10-15,0
123,39.8,4.0,82.39,-62.49,8.0,2.0,5.7,44.3,Female,Urban,Standard,False,False,2025-11-15,1
124,29.5,55.0,35.47,1817.17,4.0,2.0,6.3,105.9,Other,West,Standard,False,False,2025-03-15,0
125,55.6,2.0,101.63,-35.0,4.0,3.0,6.5,51.9,Other,South,Basic,True,True,2025-11-15,1
126,23.8,15.0,53.57,939.57,5.0,1.0,7.1,53.3,Male,Urban,Basic,False,False,2025-11-15,1
127,52.0,35.0,61.86,1914.73,2.0,0.0,9.0,88.6,Male,urban,Basic,False,False,2025-03-15,1
128,57.5,49.0,115.79,5781.15,7.0,1.0,5.1,45.2,Female,North,Basic,True,False,2025-10-15,0
129,34.2,7.0,64.77,514.88,5.0,5.0,5.1,95.6,Other,South,Standard,False,False,2025-10-15,1
130,27.5,28.0,85.66,2478.36,2.0,1.0,8.6,74.4,Female,West,Standard,False,False,2025-08-15,0
131,18.0,29.0,77.37,2394.36,4.0,2.0,6.0,74.1,Other,URBAN,Basic,True,False,2025-12-15,0
132,37.5,57.0,64.39,3722.34,,2.0,8.2,76.3,Male,North,Premium,False,True,2025-07-15,0
133,22.6,5.0,48.87,388.85,2.0,2.0,7.3,69.3,Other,West,Basic,False,False,2025-09-15,0
134,21.7,56.0,106.45,5997.52,2.0,2.0,8.7,128.1,Male,Rural,Basic,False,False,2025-02-15,0
135,32.5,62.0,98.96,5971.69,4.0,0.0,8.7,78.0,Female,Rural,Basic,False,False,2025-11-15,0
136,26.3,14.0,68.93,796.32,3.0,1.0,7.0,78.5,Other,Suburban,basic,True,False,2025-06-15,0
137,37.3,65.0,63.81,4387.46,0.0,1.0,4.6,69.0,Other,Rural,Standard,True,True,2025-09-15,0
138,41.7,12.0,37.03,650.97,2.0,1.0,6.4,93.8,Other,URBAN,Premium,True,True,2025-08-15,1
139,39.7,20.0,109.45,2368.94,6.0,1.0,7.3,58.5,Female,East,Standard,False,False,2025-08-15,1
140,38.8,10.0,67.93,750.27,3.0,1.0,6.2,96.4,Other,urban,Standard,False,True,2025-05-15,0
141,18.0,15.0,90.68,1409.63,4.0,2.0,4.1,56.9,Male,Suburban,Standard,False,False,2025-05-15,1
142,26.7,29.0,87.14,2620.38,4.0,2.0,5.8,63.7,Female,Rural,Basic,True,False,2025-04-15,0
143,27.8,70.0,85.23,5907.24,4.0,2.0,4.8,36.6,Other,urban,Basic,True,False,2025-02-15,0
144,34.6,19.0,114.0,2289.83,8.0,0.0,9.1,70.6,Female,East,Basic,True,True,2025-12-15,0
145,32.2,6.0,55.22,563.68,1.0,1.0,6.2,73.2,Male,East,Standard,True,False,2025-07-15,0
146,50.6,27.0,73.84,1799.08,3.0,3.0,3.4,77.5,Female,URBAN,Basic,False,False,2025-07-15,1
147,34.6,88.0,113.22,9719.57,5.0,5.0,4.7,93.7,Female,North,Basic,False,False,2025-07-15,1
148,64.8,3.0,49.25,186.05,3.0,3.0,7.8,90.1,Other,North,Premium,True,False,2025-07-15,0
149,54.2,45.0,130.79,5724.53,6.0,4.0,7.8,80.1,Female,Rural,Basic,True,False,2025-05-15,1
150,34.0,6.0,91.05,714.45,5.0,0.0,6.2,54.8,Female,URBAN,Premium,True,False,2025-09-15,0
151,54.6,15.0,103.43,1530.79,7.0,2.0,4.6,91.3,Male,Suburban,Standard,False,True,2025-08-15,1
152,35.2,65.0,93.49,6250.8,1.0,2.0,7.9,66.2,Female,West,Basic,False,False,2025-01-15,0
153,47.6,10.0,94.19,996.48,5.0,1.0,4.1,19.5,Other,URBAN,Basic,False,False,2025-07-15,1
154,33.6,48.0,77.79,3689.52,4.0,4.0,4.4,105.7,Male,East,Premium,False,False,2025-10-15,0
155,44.1,28.0,62.68,1710.47,2.0,0.0,4.2,68.1,Female,Suburban,Basic,False,False,2025-10-15,0
156,51.4,80.0,120.21,9763.84,3.0,0.0,7.1,123.2,Female,North,Basic,True,False,2025-03-15,0
157,43.2,63.0,95.44,6050.55,6.0,2.0,8.6,84.5,Female,Rural,Basic,False,False,2025-07-15,0
158,59.3,32.0,102.7,3083.46,6.0,1.0,6.3,27.9,Female,Urban,Basic,False,False,2025-06-15,0
159,40.5,36.0,111.1,3978.53,4.0,2.0,5.8,64.2,Female,URBAN,Basic,False,False,2025-05-15,1
160,45.4,11.0,47.4,537.87,0.0,0.0,8.6,53.9,Other,South,Standard,False,False,2025-09-15,0
161,38.1,3.0,84.03,74.84,4.0,2.0,9.3,60.3,Female,North,basic,False,True,2025-04-15,1
162,23.5,19.0,36.64,749.59,3.0,1.0,6.0,72.4,Other,South,Standard,True,True,2025-01-15,0
163,31.5,17.0,80.26,933.99,2.0,0.0,9.3,58.7,Male,North,Premium,True,True,2025-01-15,0
164,42.0,40.0,86.84,3708.79,0.0,0.0,8.1,84.7,Female,East,Basic,False,False,2025-11-15,0
165,40.7,5.0,56.1,273.88,2.0,1.0,5.9,64.4,Male,South,Standard,True,False,2025-08-15,0
166,50.3,67.0,109.15,7183.57,8.0,2.0,6.0,122.2,Male,urban,Standard,False,False,2025-10-15,0
167,38.4,13.0,88.82,787.48,6.0,3.0,5.7,42.2,Male,South,Standard,True,False,2025-05-15,1
168,55.7,14.0,100.71,1379.87,3.0,2.0,4.5,55.2,Female,South,Standard,False,False,2025-10-15,1
169,39.4,1.0,47.27,156.52,3.0,1.0,6.6,53.1,Other,URBAN,Basic,True,True,2025-04-15,0
170,18.4,82.0,79.3,6642.01,3.0,3.0,5.9,110.0,Other,South,Standard,True,False,2025-04-15,0
171,42.2,28.0,51.99,1583.45,4.0,1.0,5.5,61.6,Female,South,Standard,True,False,2025-11-15,0
172,40.7,15.0,82.88,1028.64,4.0,2.0,6.8,85.5,Other,South,Standard,False,False,2025-01-15,1
173,34.4,23.0,72.48,1362.16,4.0,5.0,5.0,77.1,Other,Urban,Standard,False,False,2025-06-15,0
174,44.5,23.0,74.01,1753.39,5.0,1.0,7.7,57.0,Female,South,Standard,True,False,2025-01-15,0
175,52.7,142.0,102.86,14845.59,3.0,3.0,7.8,126.9,Male,URBAN,Premium,False,True,2025-07-15,0
176,47.1,35.0,20.0,1091.41,2.0,2.0,4.9,49.9,Female,Urban,Standard,False,False,2025-12-15,0
177,33.6,1.0,87.33,232.35,5.0,1.0,7.9,75.6,Other,East,Basic,False,False,2025-09-15,0
178,30.8,24.0,79.04,1864.26,2.0,1.0,5.5,65.8,Other,urban,Standard,False,False,2025-08-15,1
179,40.4,12.0,84.57,1015.11,2.0,2.0,6.2,51.8,Other,Rural,Basic,True,False,2025-10-15,1
180,50.0,13.0,68.72,585.25,3.0,3.0,4.8,73.2,Male,urban,Basic,False,False,2025-02-15,1
181,61.6,2.0,95.18,-30.71,5.0,5.0,4.4,78.8,Male,urban,Premium,True,False,2025-08-15,1
182,33.7,49.0,82.85,3934.27,4.0,2.0,7.6,67.2,Female,URBAN,Basic,True,True,2025-06-15,0
183,48.7,13.0,62.84,869.38,3.0,2.0,6.3,106.1,Female,East,Standard,True,False,2025-05-15,0
184,51.6,121.0,118.92,14178.56,7.0,1.0,6.0,123.3,Other,Urban,Basic,True,False,2025-12-15,0
185,22.7,8.0,25.68,-75.5,0.0,0.0,6.3,93.0,Other,urban,Standard,False,False,2025-04-15,0
186,35.6,76.0,127.28,9807.08,3.0,1.0,7.3,80.0,Female,South,Basic,False,False,2025-08-15,0
187,58.6,7.0,56.17,327.48,4.0,1.0,6.8,43.5,Other,Suburban,Standard,True,False,2025-08-15,1
188,21.7,1.0,47.52,1.8,1.0,1.0,10.0,76.2,Male,Rural,Basic,True,False,2025-02-15,0
189,64.2,13.0,76.93,1143.12,5.0,2.0,6.0,70.3,Other,urban,Basic,True,True,2025-04-15,1
190,41.2,15.0,103.98,1757.44,1.0,2.0,6.7,72.4,Female,urban,Standard,False,,2025-08-15,1
191,35.3,9.0,68.21,593.22,0.0,1.0,6.7,69.1,Female,Suburban,Standard,False,True,2025-12-15,0
192,32.1,5.0,59.04,551.55,4.0,1.0,,85.3,Other,Suburban,Basic,True,False,2025-08-15,0
193,47.7,12.0,67.66,,3.0,1.0,5.4,107.8,Male,urban,Basic,True,False,2025-02-15,0
194,40.0,40.0,45.47,1780.94,2.0,2.0,5.6,78.3,Other,West,Basic,True,False,2025-09-15,0
195,34.8,116.0,104.97,12186.24,5.0,1.0,5.6,121.1,Other,East,Basic,False,False,2025-08-15,1
196,45.1,50.0,80.38,4002.17,1.0,1.0,8.8,108.5,Other,urban,Standard,True,False,2025-10-15,0
197,36.2,1.0,70.19,193.88,3.0,1.0,5.7,38.8,Male,urban,basic,False,False,2025-05-15,1
198,34.8,23.0,73.28,1526.14,4.0,1.0,4.7,39.4,Female,West,Basic,False,False,2025-01-15,0
199,18.0,55.0,101.15,5644.56,1.0,1.0,5.6,75.5,Male,Suburban,Basic,False,True,2025-01-15,1
200,35.1,108.0,105.33,11067.2,8.0,3.0,7.3,108.2,Male,Suburban,Basic,False,False,2025-11-15,0
201,38.5,24.0,105.02,2602.36,1.0,0.0,8.3,63.6,Male,Rural,Basic,True,True,2025-10-15,1
202,40.1,18.0,87.79,1667.62,5.0,3.0,3.4,75.4,Female,urban,Standard,True,True,2025-06-15,1
203,48.3,2.0,20.0,-177.45,0.0,0.0,8.8,77.4,Female,East,basic,False,False,2025-08-15,0
204,54.3,61.0,62.58,3725.13,1.0,4.0,8.4,110.1,Female,South,Premium,True,False,2025-08-15,0
205,45.8,31.0,64.81,2139.27,0.0,0.0,8.5,91.6,Other,South,Standard,True,False,2025-01-15,0
206,47.3,63.0,78.94,5189.36,5.0,5.0,4.7,102.3,Other,East,Basic,True,False,2025-05-15,0
207,45.3,46.0,94.78,4486.54,4.0,2.0,7.4,100.0,Male,South,basic,True,True,2025-09-15,0
208,39.3,9.0,80.9,906.14,5.0,2.0,9.1,65.3,Other,URBAN,Standard,False,True,2025-04-15,0
209,18.0,5.0,92.94,241.29,2.0,3.0,7.8,101.2,Female,Suburban,Basic,False,False,2025-05-15,1
210,35.6,28.0,78.47,1996.6,1.0,1.0,8.5,56.6,Other,URBAN,Basic,True,True,2025-01-15,0
211,33.6,41.0,44.05,5159.16,2.0,2.0,8.1,109.5,Male,South,Premium,True,False,2025-11-15,0
212,36.5,11.0,61.64,746.79,3.0,0.0,5.0,67.0,Male,West,Basic,False,True,2025-03-15,1
213,50.7,19.0,94.5,1573.94,1.0,0.0,6.9,40.5,Male,West,Basic,True,False,2025-03-15,0
214,41.1,2.0,78.32,47.3,3.0,3.0,7.3,38.0,Other,North,Basic,False,False,2025-10-15,1
215,47.9,72.0,53.67,3974.5,4.0,1.0,8.3,119.4,Male,Rural,Basic,True,True,2025-05-15,0
216,36.1,113.0,60.13,7019.44,2.0,0.0,5.7,113.7,Female,urban,Standard,False,False,2025-02-15,0
217,34.8,46.0,47.07,2168.31,3.0,2.0,5.6,88.3,Other,West,Premium,True,False,2025-10-15,0
218,31.6,10.0,54.59,532.46,1.0,2.0,7.0,74.1,Other,West,Basic,False,False,2025-04-15,0
219,45.8,48.0,54.85,2663.51,6.0,0.0,8.0,79.8,Male,East,Premium,False,False,2025-02-15,0
220,49.7,39.0,72.41,2777.71,6.0,2.0,4.0,38.8,Female,North,Basic,False,False,2025-10-15,1
221,33.4,21.0,91.39,1781.15,4.0,2.0,5.7,99.4,Female,urban,Basic,False,False,2025-12-15,1
222,46.5,76.0,64.42,5010.26,5.0,0.0,5.5,75.7,Female,urban,Standard,True,False,2025-09-15,0
223,23.8,63.0,56.15,3403.89,5.0,3.0,7.2,91.7,Male,Suburban,Standard,False,True,2025-10-15,0
224,42.1,7.0,131.11,1001.27,6.0,5.0,4.0,74.2,Other,North,Premium,False,False,2025-06-15,1
225,51.7,26.0,93.57,2376.59,5.0,1.0,6.9,,Male,urban,Basic,False,False,2025-11-15,1
226,23.5,8.0,60.3,504.95,4.0,2.0,9.2,71.8,Other,North,basic,False,True,2025-05-15,0
227,52.2,35.0,72.18,2323.36,3.0,1.0,5.4,69.3,Male,North,Standard,False,False,2025-08-15,0
228,38.4,25.0,78.54,1903.44,3.0,1.0,10.0,50.3,Female,Suburban,Standard,False,False,2025-03-15,0
229,54.9,62.0,85.04,5261.88,6.0,3.0,4.9,89.7,Female,URBAN,Standard,True,False,2025-02-15,0
230,36.7,28.0,94.41,2522.25,4.0,2.0,4.8,60.2,Female,Rural,Basic,True,False,2025-06-15,1
231,32.7,46.0,105.27000000000001,1871.96,4.0,0.0,8.0,60.2,Female,South,Premium,True,True,2025-07-15,0
232,43.2,2.0,100.66,292.78,7.0,4.0,7.4,91.5,Female,Rural,Basic,False,True,2025-09-15,1
233,43.6,85.0,96.26,8290.7,7.0,4.0,8.5,98.1,Female,North,Standard,True,False,2025-05-15,0
234,30.9,19.0,60.05,1144.12,5.0,1.0,5.3,99.9,Female,Urban,Basic,False,False,2025-09-15,0
235,51.1,11.0,50.23,586.89,4.0,1.0,7.6,46.5,Other,North,Standard,True,False,2025-08-15,0
236,52.5,54.0,91.54,4804.0,5.0,0.0,5.6,115.7,Other,URBAN,Basic,True,True,2025-06-15,0
237,44.2,1.0,38.9,-208.16,5.0,7.0,3.8,63.0,Male,Rural,Standard,True,False,2025-04-15,1
238,49.1,70.0,96.25,6717.99,3.0,0.0,6.9,92.3,Female,urban,Standard,False,False,2025-08-15,0
239,25.6,1.0,84.04,208.45,6.0,1.0,7.3,82.3,Other,Rural,Basic,False,False,2025-10-15,0
240,59.6,168.0,138.7,23230.56,8.0,2.0,7.5,147.2,Female,West,Standard,False,False,2025-09-15,0
241,47.5,32.0,94.1,2998.12,3.0,2.0,9.3,76.1,Male,North,Standard,False,False,2025-04-15,0
242,44.8,32.0,55.96,1903.31,1.0,2.0,7.2,102.6,Male,South,Standard,False,False,2025-11-15,0
243,40.5,24.0,85.96,1842.47,3.0,1.0,6.9,87.3,Other,East,Standard,False,False,2025-05-15,1
244,39.1,3.0,61.57,371.01,4.0,2.0,7.3,45.4,Female,Suburban,Standard,True,False,2025-08-15,0
245,43.5,22.0,75.9,1566.42,3.0,4.0,4.8,67.4,Other,Rural,Basic,True,False,2025-03-15,1
246,34.1,6.0,65.5,52.57,2.0,2.0,5.7,56.0,Other,URBAN,Basic,True,False,2025-09-15,0
247,35.4,15.0,79.64,1188.33,2.0,1.0,6.2,73.5,Female,East,Premium,False,False,2025-07-15,1
248,22.9,24.0,90.43,2154.13,2.0,2.0,4.6,25.6,Other,Urban,Premium,False,False,,1
249,45.8,13.0,79.97,1284.44,4.0,3.0,8.7,65.0,Female,North,Basic,True,False,2025-10-15,0
250,51.4,18.0,66.27,1087.63,0.0,1.0,7.1,43.9,Female,Rural,Premium,False,False,2025-09-15,0
251,43.5,16.0,42.87,507.41,3.0,1.0,5.3,53.7,Other,Rural,Basic,True,False,2025-09-15,0
252,26.7,16.0,77.61,1135.31,6.0,0.0,8.8,71.9,Female,URBAN,Standard,False,True,2025-04-15,0
253,31.8,74.0,71.26,5105.78,2.0,0.0,7.4,104.5,Male,West,Standard,False,False,2025-07-15,0
254,18.0,3.0,58.91,342.55,3.0,0.0,5.6,48.1,Female,North,Basic,True,False,2025-12-15,0
255,59.1,6.0,67.08,-146.99,2.0,3.0,5.5,70.7,Other,URBAN,Basic,True,False,2025-11-15,1
256,68.9,86.0,91.63,7981.82,12.0,1.0,3.6,137.5,Male,East,Standard,False,True,2025-03-15,1
257,21.4,1.0,64.17,-49.8,4.0,2.0,8.2,50.8,Female,Suburban,basic,True,False,2025-02-15,0
258,31.2,40.0,93.16,3874.91,4.0,1.0,9.0,82.8,Female,Rural,Basic,True,False,2025-01-15,1
259,41.1,97.0,94.44,27900.449999999997,1.0,1.0,7.2,119.2,Other,East,Basic,True,False,2025-03-15,0
260,50.5,166.0,132.65,21802.8,2.0,0.0,4.5,135.2,Female,South,Standard,True,False,2025-06-15,0
261,34.4,95.0,65.91,6325.89,1.0,0.0,6.9,,Female,URBAN,Standard,True,False,2025-11-15,0
262,54.5,50.0,95.55,4950.45,4.0,2.0,5.0,119.9,Female,Suburban,Basic,True,False,2025-11-15,0
263,36.8,42.0,90.28,3626.8,3.0,0.0,5.7,43.3,Male,Rural,Premium,False,True,2025-10-15,0
264,18.2,24.0,80.2,2080.9,0.0,1.0,6.9,51.8,Other,South,Basic,False,False,2025-05-15,0
265,46.5,61.0,86.2,5639.85,5.0,2.0,6.2,92.4,Female,West,Standard,False,False,2025-02-15,1
266,41.8,48.0,66.01,3182.94,3.0,1.0,7.1,59.2,Other,South,Basic,True,False,2025-05-15,0
267,39.2,15.0,82.01,1147.48,,2.0,3.6,88.1,Male,North,Basic,False,False,2025-05-15,1
268,24.6,58.0,53.66,2896.53,2.0,0.0,4.7,32.4,Male,Urban,Basic,False,False,2025-04-15,0
269,45.8,17.0,82.63,1030.82,3.0,1.0,7.0,77.5,Other,Suburban,Basic,True,True,2025-03-15,0
270,26.2,38.0,71.35,2723.16,4.0,1.0,5.3,74.9,Other,East,Basic,False,False,2025-07-15,0
271,37.4,28.0,62.99,1995.65,2.0,2.0,5.7,68.2,Other,West,Standard,True,False,2025-03-15,0
272,33.3,18.0,77.69,1322.97,3.0,1.0,4.9,63.2,Female,West,Standard,False,False,2025-08-15,1
273,61.1,114.0,93.17,10691.87,3.0,4.0,6.1,149.6,Female,urban,Standard,False,False,2025-05-15,0
274,36.4,64.0,88.28,5890.06,4.0,1.0,6.4,98.2,,Suburban,Basic,False,False,2025-06-15,0
275,48.1,14.0,37.51,506.22,3.0,2.0,8.4,57.5,Female,urban,Standard,True,False,2025-12-15,1
276,59.8,41.0,99.61,4172.8,2.0,0.0,7.7,43.1,Female,urban,Standard,True,True,2025-04-15,0
277,58.0,82.0,76.88,6265.32,2.0,0.0,5.3,107.9,Male,URBAN,Premium,True,True,2025-04-15,0
278,45.9,93.0,81.44,7455.08,3.0,0.0,4.1,132.9,Other,URBAN,Standard,True,False,2025-05-15,1
279,31.9,1.0,90.29,-255.95,7.0,4.0,5.4,76.1,Other,urban,Basic,True,True,2025-07-15,1
280,45.2,9.0,81.2,857.94,2.0,1.0,3.7,52.3,Other,urban,Basic,False,True,2025-12-15,1
281,18.0,14.0,65.3,1048.88,0.0,0.0,9.0,73.3,Other,North,Premium,False,True,2025-08-15,0
282,30.3,18.0,46.69,762.41,3.0,0.0,9.4,51.8,Male,urban,Standard,True,False,2025-10-15,0
283,28.0,19.0,58.75,1268.54,1.0,3.0,6.8,55.6,Male,Urban,Basic,True,False,2025-10-15,0
284,50.7,72.0,120.99,8655.4,1.0,1.0,3.9,80.3,Other,urban,Standard,False,False,2025-11-15,1
285,42.2,62.0,90.91,5930.27,4.0,0.0,5.6,77.5,Other,East,Standard,False,False,2025-11-15,0
286,34.6,40.0,95.89,4169.22,7.0,3.0,5.0,94.4,Female,North,Basic,False,False,2025-01-15,1
287,30.3,2.0,84.6,225.95,2.0,1.0,5.4,86.0,Male,Urban,Standard,True,False,2025-05-15,1
288,36.2,3.0,70.15,-3.73,7.0,2.0,6.7,63.0,Male,Urban,Standard,True,False,2025-04-15,0
289,40.1,2.0,127.77,294.8,3.0,2.0,7.1,46.3,Female,East,Standard,True,False,2025-09-15,0
290,41.3,40.0,81.05,3315.47,4.0,1.0,5.4,65.8,Male,Suburban,Premium,False,False,2025-05-15,0
291,54.0,29.0,50.89,1300.09,2.0,0.0,5.9,80.2,Female,Rural,basic,True,False,2025-12-15,0
292,29.0,10.0,99.11,996.06,3.0,4.0,2.6,,Female,Urban,Premium,False,False,2025-02-15,1
293,36.6,3.0,58.22,458.36,0.0,4.0,4.6,28.8,Male,East,Standard,False,False,2025-11-15,1
294,44.1,4.0,52.04,554.58,4.0,5.0,4.8,27.2,Other,URBAN,basic,False,False,2025-06-15,1
295,39.4,31.0,56.55,1582.51,3.0,0.0,7.3,57.4,Male,South,Standard,True,False,2025-05-15,0
296,63.7,10.0,71.61,898.86,0.0,3.0,8.2,38.2,Female,Suburban,Basic,True,True,2025-11-15,0
297,18.0,87.0,103.58,8806.06,7.0,4.0,6.1,83.9,Other,urban,Standard,False,False,2025-06-15,1
298,40.9,6.0,28.63,-241.24,1.0,1.0,6.4,82.2,Female,South,Standard,True,False,2025-01-15,0
299,33.7,60.0,85.56,5167.81,5.0,2.0,8.6,126.1,Other,Suburban,Basic,True,False,2025-04-15,0
300,26.6,47.0,72.23,3827.63,6.0,4.0,6.0,67.7,Female,South,Standard,False,False,2025-12-15,1
301,39.1,20.0,72.49,1298.47,4.0,4.0,9.2,61.9,Male,urban,Standard,False,False,2025-03-15,1
302,46.7,1.0,53.93,423.36,0.0,2.0,8.5,58.8,Female,North,Premium,False,True,2025-08-15,0
303,31.9,20.0,65.94,1065.83,6.0,0.0,8.3,74.2,Other,South,Basic,True,False,2025-03-15,0
304,43.9,15.0,97.17,1508.02,7.0,6.0,3.2,77.6,Other,URBAN,Standard,False,False,2025-12-15,1
305,41.7,51.0,67.92,3154.92,3.0,1.0,4.9,81.3,Other,Suburban,Basic,True,False,2025-12-15,0
306,38.5,25.0,63.79,1119.41,2.0,1.0,5.6,72.7,Other,East,Premium,True,False,2025-02-15,0
307,41.9,115.0,113.47,13469.86,6.0,0.0,6.3,113.1,Female,Rural,Standard,True,True,2025-01-15,1
308,20.3,15.0,75.39,1326.44,0.0,0.0,5.3,102.9,Female,Urban,Basic,True,False,2025-04-15,1
309,27.9,3.0,60.3,202.96,4.0,2.0,5.9,57.2,Other,Urban,Basic,True,False,2025-06-15,0
310,23.2,92.0,141.3,12963.04,4.0,3.0,6.2,107.0,Other,Suburban,Premium,True,False,2025-06-15,1
311,32.8,47.0,100.96,5087.44,1.0,3.0,4.9,92.0,Male,North,Basic,True,False,2025-02-15,1
312,41.9,5.0,71.12,162.49,7.0,1.0,5.8,39.0,Male,Rural,Basic,False,False,2025-11-15,0
313,53.7,30.0,41.35,1219.79,0.0,1.0,7.7,58.8,Female,North,Basic,True,False,2025-04-15,0
314,20.5,42.0,87.07,3932.45,4.0,3.0,5.3,49.6,Male,East,Standard,False,False,2025-02-15,1
315,40.0,12.0,67.84,942.22,3.0,0.0,5.7,64.8,Male,Suburban,Basic,False,False,2025-04-15,0
316,51.5,7.0,72.43,694.27,4.0,3.0,6.3,80.0,Other,Urban,Standard,True,False,2025-01-15,1
317,30.2,29.0,54.48,1268.59,7.0,1.0,4.5,76.4,Male,urban,Premium,True,False,2025-03-15,0
318,52.8,97.0,101.48,9822.32,6.0,6.0,5.7,104.0,Male,Suburban,Basic,True,False,2025-02-15,1
319,40.0,40.0,101.01,4196.91,2.0,1.0,4.7,71.7,Female,North,Basic,False,False,2025-04-15,0
320,52.1,52.0,66.39,3255.08,3.0,3.0,3.1,86.9,Female,Urban,Basic,True,False,2025-01-15,0
321,34.0,11.0,43.84,601.52,1.0,2.0,4.1,42.4,Other,East,Standard,True,False,2025-02-15,1
322,30.3,59.0,59.52,3436.16,4.0,3.0,6.6,92.3,Female,South,Standard,False,False,2025-09-15,0
323,41.9,4.0,115.05,658.17,3.0,1.0,6.5,68.8,Male,South,Standard,False,False,2025-10-15,0
324,38.3,70.0,90.77,6434.55,2.0,2.0,6.3,96.5,Other,North,Standard,True,False,2025-09-15,0
325,35.8,6.0,92.2,588.94,6.0,2.0,5.1,108.9,Male,urban,Standard,False,False,2025-01-15,1
326,54.6,16.0,94.35,1581.84,5.0,0.0,8.4,63.5,Female,,Premium,True,False,2025-11-15,0
327,23.4,10.0,87.87,850.58,4.0,2.0,6.4,59.7,Female,South,Standard,False,False,2025-02-15,1
328,43.4,20.0,31.35,630.01,4.0,1.0,7.0,58.8,Male,South,Basic,False,False,2025-02-15,0
329,32.5,61.0,93.85,5526.06,8.0,3.0,7.4,57.1,Other,East,Basic,False,False,2025-10-15,0
330,34.5,8.0,68.41,796.44,2.0,0.0,5.9,74.4,Female,Suburban,Standard,True,True,2025-10-15,0
331,38.6,4.0,85.61,-278.94,4.0,3.0,8.0,53.0,Other,Suburban,Basic,True,False,2025-10-15,0
332,53.7,72.0,84.96,6172.61,4.0,3.0,6.4,96.4,Other,URBAN,Basic,False,True,2025-02-15,0
333,22.9,61.0,71.86,4583.66,2.0,0.0,5.4,74.7,Male,Suburban,Standard,True,True,2025-07-15,0
334,18.7,19.0,83.23,1765.39,3.0,2.0,6.2,63.0,Female,Rural,Premium,True,False,2025-06-15,1
335,35.4,36.0,82.97,3023.23,6.0,0.0,6.7,82.4,Other,Rural,Basic,False,True,2025-02-15,0
336,38.0,12.0,76.64,749.26,0.0,1.0,7.4,48.6,Other,Urban,Basic,True,False,2025-05-15,0
337,47.9,37.0,93.62,3496.47,1.0,0.0,5.1,42.6,Other,Urban,basic,True,False,2025-08-15,0
338,38.4,1.0,78.44,-1.09,1.0,1.0,6.1,65.9,Male,South,Basic,False,False,2025-02-15,0
339,54.4,7.0,41.88,529.53,4.0,0.0,5.1,41.3,Other,URBAN,Basic,False,False,2025-06-15,1
340,54.9,17.0,81.0,1321.3,3.0,1.0,8.5,102.0,Other,East,Standard,False,False,2025-09-15,0
341,38.2,58.0,52.94,3004.76,4.0,1.0,5.0,111.9,Male,Suburban,Basic,True,False,2025-07-15,0
342,31.3,5.0,67.09,228.23,3.0,1.0,5.1,61.6,Female,Urban,Premium,True,False,2025-12-15,1
343,43.8,77.0,118.47,9431.42,,1.0,6.3,110.4,Other,North,basic,True,False,2025-05-15,0
344,51.4,1.0,75.06,26.99,0.0,0.0,7.5,64.0,Other,Urban,Basic,True,False,2025-04-15,0
345,33.1,15.0,20.0,328.61,4.0,3.0,5.5,87.5,Male,East,Standard,False,False,2025-02-15,0
346,49.4,67.0,95.83,6309.42,4.0,2.0,5.3,119.3,Female,Urban,Premium,False,True,2025-02-15,0
347,23.0,12.0,230.31,897.95,7.0,4.0,7.2,64.8,Female,urban,Standard,True,False,2025-09-15,1
348,27.6,8.0,68.67,741.41,4.0,1.0,7.7,94.6,Other,Suburban,Basic,False,False,2025-12-15,0
349,18.0,37.0,94.68,3433.45,2.0,2.0,8.1,76.8,Female,urban,Basic,True,False,2025-12-15,1
350,46.5,7.0,79.96,318.11,3.0,3.0,7.0,26.0,Female,urban,Premium,False,False,2025-01-15,1
351,40.6,10.0,87.38,800.35,2.0,2.0,5.8,43.0,Other,East,Premium,False,False,2025-11-15,0
352,40.9,32.0,78.88,2637.83,1.0,2.0,3.3,83.1,Other,URBAN,Basic,True,True,2025-11-15,0
353,63.1,20.0,58.51,1258.86,0.0,0.0,3.9,70.6,Other,North,Basic,False,True,2025-04-15,1
354,47.2,1.0,65.55,394.23,4.0,1.0,6.7,70.0,Female,URBAN,Basic,False,False,2025-03-15,0
355,30.9,4.0,68.27,175.41,4.0,1.0,5.2,66.0,Female,Urban,Basic,True,True,2025-10-15,0
356,54.1,10.0,67.75,573.95,3.0,2.0,4.5,42.6,Male,South,Premium,True,False,2025-03-15,1
357,59.2,12.0,88.44,915.58,8.0,3.0,7.4,65.4,Female,North,Standard,False,False,2025-08-15,1
358,51.2,29.0,67.5,1769.35,3.0,0.0,6.8,82.4,Female,URBAN,Standard,False,True,2025-07-15,0
359,41.5,4.0,85.0,632.42,5.0,4.0,5.2,46.6,Other,urban,Basic,True,False,2025-02-15,0
360,25.7,7.0,92.48,614.71,7.0,2.0,5.9,23.4,Female,Urban,Basic,True,False,2025-11-15,1
361,36.5,52.0,73.17,4140.44,0.0,0.0,6.9,75.9,Female,Rural,Standard,False,False,2025-01-15,1
362,50.3,17.0,75.0,1238.97,4.0,4.0,5.6,72.9,Other,West,Basic,True,False,2025-01-15,0
363,47.8,2.0,259.86,-126.8,2.0,2.0,8.2,51.1,Male,North,Basic,True,False,2025-03-15,1
364,53.8,18.0,58.05,828.1,7.0,2.0,6.0,31.2,Male,urban,Basic,True,False,2025-01-15,0
365,41.4,77.0,72.69,5658.78,1.0,1.0,5.6,131.6,Male,Rural,Standard,True,True,2025-03-15,0
366,36.6,16.0,75.17,1191.54,4.0,4.0,5.6,90.1,Male,URBAN,Standard,True,False,2025-09-15,0
367,33.8,71.0,89.07,6170.85,4.0,3.0,6.4,120.7,Female,Suburban,Premium,True,False,2025-02-15,0
368,36.8,70.0,47.27,3118.84,1.0,0.0,8.5,80.8,Male,URBAN,Premium,True,False,2025-07-15,0
369,45.5,15.0,69.5,1040.7,4.0,1.0,9.4,60.6,Male,North,Standard,False,True,2025-06-15,1
370,28.3,7.0,91.05,541.57,4.0,2.0,6.2,82.2,Other,URBAN,Standard,True,False,2025-11-15,1
371,53.2,94.0,57.49,5405.96,4.0,1.0,4.2,119.1,Female,URBAN,Basic,True,False,2025-01-15,0
372,41.3,3.0,58.07,133.18,1.0,1.0,5.8,56.3,Other,Urban,Basic,True,False,2025-08-15,0
373,49.6,86.0,50.01,4237.05,3.0,1.0,8.3,121.1,Male,Urban,Basic,False,False,2025-04-15,0
374,18.0,6.0,88.1,1030.88,4.0,1.0,6.9,101.6,Other,URBAN,Standard,False,False,2025-02-15,1
375,32.7,17.0,83.49,1249.09,0.0,2.0,3.6,86.3,Other,URBAN,Premium,False,False,2025-06-15,1
376,19.4,1.0,70.85,103.71,8.0,4.0,7.4,64.5,Male,West,Basic,False,False,2025-02-15,1
377,38.9,18.0,55.84,929.0,4.0,3.0,3.3,57.1,Other,Suburban,Standard,True,False,2025-09-15,1
378,38.4,15.0,62.53,918.45,0.0,0.0,6.1,48.2,Female,West,Premium,False,False,2025-06-15,0
379,43.5,9.0,72.72,886.33,5.0,1.0,6.0,68.2,Male,East,Basic,False,False,2025-05-15,1
380,38.3,8.0,95.7,1006.94,1.0,1.0,5.2,48.1,Male,West,Basic,True,False,2025-11-15,0
381,33.0,17.0,48.59,700.07,4.0,0.0,5.3,50.6,Other,South,Basic,True,False,2025-08-15,0
382,35.1,41.0,98.32,3951.78,4.0,1.0,4.1,62.2,Other,Rural,Standard,False,False,2025-08-15,1
383,32.9,21.0,92.21,2122.81,6.0,3.0,6.7,101.6,Other,Urban,Premium,True,False,2025-06-15,1
384,51.3,30.0,79.84,2459.99,8.0,0.0,6.9,43.4,Female,East,Basic,True,True,2025-08-15,0
385,26.2,22.0,57.5,1345.79,4.0,0.0,8.0,82.6,Other,urban,Standard,False,True,2025-01-15,0
386,43.3,,101.31,4092.14,0.0,0.0,6.0,83.0,Female,Urban,Standard,True,False,2025-08-15,0
387,44.8,57.0,65.97,3285.72,7.0,1.0,6.9,92.0,Female,Rural,Basic,False,True,2025-05-15,1
388,35.1,17.0,61.06,1067.24,4.0,2.0,5.0,87.4,Male,South,Standard,False,False,2025-10-15,0
389,29.2,96.0,69.92,6864.6,4.0,2.0,7.1,129.4,Other,Suburban,Basic,False,True,2025-09-15,0
390,33.5,16.0,71.77,1256.45,5.0,1.0,5.1,18.0,Other,North,Basic,False,False,2025-11-15,1
391,31.0,129.0,96.67,12400.48,0.0,0.0,8.7,149.8,,West,Basic,False,False,2025-09-15,0
392,44.2,1.0,53.31,253.59,3.0,2.0,6.7,49.3,Female,East,basic,False,False,2025-02-15,0
393,43.7,7.0,39.83,389.16,4.0,0.0,6.7,87.1,Male,Urban,basic,True,False,2025-09-15,0
394,45.8,7.0,101.33,610.99,3.0,0.0,8.7,69.4,Other,East,Basic,True,True,2025-08-15,0
395,33.5,15.0,92.86,1082.58,5.0,0.0,8.1,95.5,Other,Rural,Standard,False,False,2025-03-15,0
396,33.0,4.0,47.67,267.3,1.0,3.0,8.9,86.9,Female,Urban,Basic,False,False,2025-07-15,0
397,34.5,36.0,92.33,3363.82,4.0,0.0,5.2,83.7,Other,URBAN,Standard,False,True,2025-10-15,1
398,50.4,8.0,71.37,655.06,2.0,2.0,4.5,77.5,Other,North,Standard,True,False,2025-06-15,0
399,30.3,21.0,287.21999999999997,2056.31,4.0,1.0,8.0,31.4,Other,South,Basic,True,False,2025-11-15,0
400,48.3,6.0,76.51,449.23,4.0,3.0,5.2,57.5,Other,URBAN,Basic,True,True,2025-11-15,1
401,35.0,5.0,77.88,160.69,5.0,0.0,6.3,84.0,Other,East,Basic,False,False,2025-11-15,0
402,52.4,11.0,101.54,1106.33,3.0,4.0,7.4,89.5,Female,East,Premium,False,False,2025-11-15,1
403,48.9,4.0,58.05,257.61,3.0,2.0,3.7,50.0,Other,URBAN,Basic,False,False,2025-02-15,0
404,41.6,48.0,77.31,3690.58,3.0,2.0,5.0,101.5,Other,urban,Standard,False,True,2025-06-15,1
405,27.9,62.0,89.6,5695.25,1.0,1.0,6.3,99.7,Other,East,Standard,False,False,2025-11-15,1
406,50.2,121.0,69.62,8424.76,5.0,1.0,5.9,103.5,Other,Suburban,Basic,True,False,2025-07-15,0
407,31.0,15.0,68.57,1034.15,3.0,1.0,6.2,64.1,Female,Suburban,Basic,True,True,2025-05-15,0
408,39.9,66.0,98.88,6881.3,3.0,1.0,8.7,65.4,Female,East,basic,True,False,2025-08-15,0
409,39.9,60.0,85.16,5384.66,3.0,3.0,4.4,126.6,Male,,Basic,True,True,2025-03-15,1
410,35.9,8.0,81.39,475.94,6.0,1.0,6.3,84.7,Male,South,Basic,False,True,2025-09-15,1
411,40.7,21.0,68.01,1380.23,3.0,2.0,5.1,85.9,Other,Suburban,Premium,False,False,2025-01-15,1
412,47.7,63.0,56.28,3236.8,2.0,3.0,6.9,67.1,Other,Urban,Premium,True,False,2025-03-15,0
413,73.2,89.0,75.93,6712.69,6.0,3.0,3.7,99.9,Male,URBAN,Basic,False,,2025-12-15,0
414,66.6,28.0,86.73,2365.51,2.0,0.0,5.6,116.1,Male,East,Standard,False,False,2025-07-15,1
415,48.6,44.0,75.65,3440.11,0.0,0.0,8.0,49.4,Male,Urban,Standard,True,False,2025-08-15,0
416,24.9,45.0,93.63,4351.99,6.0,2.0,4.6,66.7,Female,urban,Standard,False,False,2025-04-15,0
417,27.6,9.0,85.11,635.52,0.0,0.0,6.9,69.4,Female,Suburban,Basic,True,True,2025-04-15,0
418,36.5,6.0,76.62,561.73,6.0,0.0,4.8,82.2,Other,Urban,Standard,True,False,2025-08-15,0
419,46.9,18.0,71.03,1260.02,6.0,2.0,5.5,80.9,Female,Rural,Standard,False,False,2025-09-15,1
420,41.5,30.0,52.45,1718.0,3.0,2.0,3.4,117.2,Male,Suburban,Basic,True,True,2025-04-15,0
421,59.1,23.0,74.99,1806.04,1.0,0.0,7.4,90.7,Male,East,Premium,True,False,2025-11-15,0
422,42.3,10.0,58.98,693.55,4.0,4.0,8.8,105.6,Other,Rural,Premium,True,False,2025-02-15,0
423,37.2,74.0,76.66,5751.37,2.0,0.0,4.8,122.6,Female,Suburban,Premium,False,False,2025-02-15,0
424,49.4,74.0,65.47,4646.07,4.0,1.0,8.2,112.9,Other,East,Basic,True,False,2025-03-15,0
425,40.3,108.0,106.35,11021.76,6.0,3.0,6.5,119.8,Male,URBAN,Basic,True,False,2025-08-15,0
426,21.9,56.0,89.57,4598.03,3.0,0.0,5.7,77.6,Female,Urban,Premium,True,False,2025-01-15,1
427,45.8,28.0,36.61,874.97,0.0,1.0,5.4,57.8,Male,URBAN,Standard,True,False,2025-07-15,0
428,57.1,14.0,64.41,623.98,4.0,1.0,6.2,75.3,Male,South,Basic,False,False,2025-06-15,0
429,47.5,4.0,65.21,255.08,0.0,0.0,6.9,66.8,Other,South,Premium,False,False,2025-06-15,0
430,52.1,162.0,128.04,20916.67,2.0,0.0,7.1,150.0,Female,East,Basic,True,True,2025-08-15,0
431,56.2,27.0,62.33,1643.12,1.0,3.0,4.9,67.8,Female,East,Standard,False,False,2025-08-15,1
432,18.0,35.0,127.98,4501.36,6.0,1.0,5.7,85.8,Male,North,Premium,False,True,2025-05-15,1
433,31.8,10.0,44.99,-64.82,2.0,1.0,5.9,68.0,Other,West,Premium,False,False,2025-12-15,0
434,25.1,7.0,76.06,706.13,0.0,0.0,6.0,82.9,Female,Suburban,Basic,True,True,2025-04-15,0
435,54.5,99.0,101.98,9925.89,5.0,,6.7,101.0,Male,urban,Basic,True,False,2025-07-15,0
436,30.1,18.0,49.21,884.84,1.0,0.0,4.5,46.6,Female,Rural,Basic,False,False,2025-10-15,1
437,23.5,5.0,41.99,338.85,4.0,1.0,7.1,46.0,Other,Suburban,Basic,True,False,2025-10-15,0
438,56.0,87.0,50.18,4111.21,3.0,3.0,8.6,109.6,Female,West,Standard,False,False,2025-07-15,0
439,47.8,3.0,88.24,6.61,3.0,1.0,8.3,17.7,Male,North,Standard,False,False,2025-10-15,0
440,35.6,68.0,78.09,5310.9,6.0,1.0,8.2,66.0,Other,URBAN,Basic,True,False,2025-02-15,0
441,66.5,38.0,101.59,3712.34,1.0,1.0,7.1,104.1,Male,Suburban,basic,False,False,2025-09-15,1
442,52.7,20.0,77.96,1548.95,4.0,0.0,7.8,67.4,Other,Suburban,Standard,True,False,2025-09-15,0
443,32.1,46.0,74.49,3633.11,2.0,1.0,5.9,109.2,Female,North,Basic,True,False,2025-01-15,0
444,56.5,16.0,75.52,1616.87,4.0,1.0,6.9,73.6,Female,URBAN,basic,False,False,2025-12-15,1
445,42.3,28.0,123.44,3322.63,4.0,2.0,5.4,73.0,Male,North,Basic,True,False,2025-06-15,1
446,20.4,49.0,80.91,3879.61,3.0,1.0,7.8,59.0,Other,West,Standard,False,False,2025-02-15,0
447,37.9,140.0,91.47,13125.01,5.0,0.0,6.2,130.4,Female,Urban,Basic,False,False,2025-09-15,0
448,18.0,104.0,131.64,13596.09,5.0,1.0,3.0,78.5,Male,Urban,Premium,False,False,2025-11-15,1
449,55.5,39.0,78.09,3147.21,3.0,1.0,7.0,97.5,Female,Rural,basic,True,True,2025-11-15,0
450,66.2,29.0,62.07,1625.15,5.0,1.0,9.0,64.1,Male,East,Premium,False,False,2025-12-15,0
451,18.0,20.0,73.56,1557.02,5.0,3.0,5.6,84.8,Male,Rural,Basic,True,False,2025-01-15,0
452,38.3,69.0,75.32,4943.16,3.0,1.0,6.9,99.0,Female,West,Premium,True,False,2025-05-15,0
453,25.9,106.0,86.81,9047.02,5.0,6.0,3.7,115.7,Other,Suburban,Basic,True,False,2025-08-15,1
454,41.0,27.0,66.92,1803.38,4.0,0.0,8.8,77.2,Other,urban,Basic,False,False,2025-04-15,0
455,23.3,1.0,104.28,-150.99,2.0,2.0,5.2,61.9,Male,urban,Basic,False,False,2025-11-15,1
456,45.8,124.0,116.02,14467.01,5.0,1.0,5.1,123.6,Female,Urban,Basic,False,False,2025-07-15,0
457,47.7,17.0,73.15,1578.25,2.0,1.0,4.6,59.8,Female,URBAN,Standard,False,True,2025-06-15,1
458,32.2,3.0,82.81,193.68,4.0,0.0,7.9,74.8,Female,East,Standard,False,False,2025-06-15,0
459,44.7,25.0,84.07,2218.33,3.0,2.0,5.4,59.3,Male,Suburban,Basic,False,True,2025-12-15,1
460,34.9,66.0,104.36,7069.38,4.0,1.0,6.5,88.8,Other,URBAN,Basic,False,False,2025-03-15,0
461,25.3,58.0,89.99,5045.81,4.0,2.0,3.5,75.5,Male,Suburban,Basic,True,False,2025-02-15,1
462,49.5,16.0,92.67,1284.35,3.0,1.0,8.8,48.0,Female,Urban,Standard,False,False,2025-08-15,0
463,38.5,2.0,70.71,233.44,4.0,1.0,8.2,64.6,Female,URBAN,Basic,False,False,2025-06-15,1
464,29.0,22.0,109.02,2352.91,7.0,3.0,5.2,64.0,Female,Rural,Basic,True,False,2025-10-15,1
465,68.6,16.0,89.74,1456.97,7.0,1.0,7.8,69.2,Male,URBAN,Basic,True,False,2025-02-15,0
466,43.5,8.0,61.46,497.83,0.0,1.0,6.1,13.1,Other,URBAN,Basic,True,False,2025-11-15,0
467,47.2,29.0,94.96,2606.79,7.0,2.0,4.3,98.6,Male,East,,False,False,2025-10-15,1
468,59.0,56.0,75.01,4394.79,3.0,1.0,7.9,96.5,Male,Rural,Basic,True,False,2025-04-15,0
469,33.4,19.0,60.3,982.13,1.0,0.0,7.9,35.0,Other,Urban,Basic,True,False,2025-01-15,0
470,43.3,14.0,243.45000000000002,1004.41,4.0,0.0,8.6,56.0,Female,East,Standard,True,True,2025-06-15,0
471,44.3,10.0,91.36,1171.77,9.0,3.0,3.9,39.7,Other,Rural,Standard,True,True,2025-03-15,1
472,48.1,58.0,60.01,3804.28,4.0,3.0,8.5,98.1,Female,Suburban,Basic,True,False,2025-11-15,0
473,64.2,84.0,98.05,8194.05,3.0,4.0,3.5,95.1,Male,urban,Basic,True,False,2025-01-15,1
474,36.7,32.0,101.07,3182.35,3.0,0.0,4.7,71.6,Female,East,Standard,False,False,2025-09-15,1
475,47.9,1.0,72.06,288.9,4.0,3.0,6.8,25.6,Female,South,Basic,True,True,2025-12-15,1
476,54.7,30.0,72.33,2015.61,2.0,0.0,8.4,61.6,Other,Rural,Basic,False,False,2025-05-15,0
477,35.8,4.0,86.22,412.17,5.0,1.0,8.2,44.0,Male,Rural,Basic,True,False,2025-02-15,1
478,36.7,25.0,30.98,1001.67,0.0,4.0,5.0,90.4,Other,Rural,Basic,True,False,2025-08-15,0
479,32.5,26.0,69.35,1764.98,0.0,1.0,6.0,104.8,Female,South,Premium,True,False,2025-11-15,0
480,38.7,5.0,99.84,585.51,5.0,4.0,5.0,73.3,Other,Urban,Standard,True,False,2025-09-15,1
481,50.1,84.0,87.26,7250.17,2.0,1.0,6.2,76.0,Male,urban,Premium,True,False,2025-12-15,1
482,41.2,1.0,73.19,291.61,0.0,0.0,7.4,75.2,Other,East,Standard,True,False,2025-04-15,0
483,40.7,,56.35,495.01,2.0,3.0,3.8,89.5,Male,South,basic,False,False,2025-04-15,1
484,47.0,11.0,58.71,503.94,4.0,1.0,5.8,41.9,Other,Rural,Basic,True,False,2025-10-15,0
485,38.0,81.0,38.08,2929.85,0.0,0.0,5.0,116.4,Other,Urban,Standard,True,False,2025-03-15,0
486,39.3,19.0,97.48,1712.59,2.0,0.0,8.1,65.1,Female,South,Basic,False,False,2025-12-15,0
487,64.0,1.0,93.0,433.92,2.0,2.0,6.2,43.3,Female,Rural,Standard,True,False,2025-10-15,0
488,53.1,24.0,59.84,1627.56,2.0,2.0,8.7,79.6,Female,South,Basic,True,False,2025-11-15,0
489,18.0,1.0,44.39,-52.07,5.0,4.0,6.6,58.2,Other,South,Basic,False,False,2025-09-15,1
490,35.1,38.0,98.03,3442.98,4.0,1.0,8.5,34.1,Other,Urban,Basic,True,False,2025-11-15,0
491,42.0,98.0,61.96,6131.16,4.0,1.0,4.9,106.9,Male,East,Standard,True,False,2025-07-15,0
492,37.3,94.0,85.96,8440.55,5.0,3.0,6.8,98.6,Male,Suburban,Premium,False,False,2025-02-15,0
493,31.0,10.0,58.77,463.46,5.0,1.0,6.1,75.8,Male,Suburban,Basic,True,False,2025-03-15,0
494,55.8,115.0,97.21,11271.43,7.0,1.0,6.7,119.9,Male,Urban,Premium,True,False,2025-06-15,0
495,60.3,21.0,107.6,2157.54,6.0,4.0,4.3,78.6,Male,Suburban,Premium,False,False,2025-05-15,1
496,52.7,26.0,74.48,1930.63,5.0,1.0,5.8,87.9,Other,West,Standard,False,False,2025-05-15,0
497,64.2,54.0,85.41,4666.8,2.0,0.0,5.2,86.8,Other,East,Standard,True,False,2025-09-15,0
498,32.0,25.0,78.87,2031.1,1.0,2.0,8.2,58.0,Male,South,Standard,True,False,2025-10-15,0
499,21.8,3.0,89.56,117.91,5.0,3.0,6.7,56.0,Other,East,Basic,True,False,2025-12-15,0
500,22.7,2.0,84.14,125.5,6.0,3.0,7.4,61.8,Other,Urban,Premium,False,True,2025-01-15,0
501,50.3,4.0,73.82,503.02,4.0,2.0,5.0,38.3,Other,North,Basic,False,False,2025-10-15,1
502,28.7,23.0,84.13,2057.51,4.0,2.0,5.3,88.8,Other,urban,Standard,False,False,2025-07-15,0
503,36.4,34.0,47.56,1549.09,3.0,3.0,1.9,104.2,Other,North,Standard,True,False,2025-09-15,0
504,61.3,43.0,54.16,2293.82,3.0,2.0,6.2,49.1,Female,urban,Standard,False,False,2025-08-15,0
505,39.3,,85.95,14642.66,5.0,1.0,8.8,137.1,Other,West,Premium,False,False,2025-07-15,0
506,19.2,25.0,101.68,2777.93,8.0,2.0,6.7,99.4,Other,urban,Standard,True,False,2025-01-15,0
507,38.2,5.0,81.17,204.48,4.0,2.0,3.8,35.1,Female,East,Basic,False,False,2025-08-15,1
508,40.8,5.0,36.07,416.21,6.0,5.0,6.4,56.2,Male,West,Basic,False,False,2025-06-15,1
509,38.7,1.0,82.46,-35.71,3.0,1.0,10.0,49.5,Female,Urban,Standard,False,False,2025-07-15,0
510,41.0,12.0,51.68,645.85,2.0,1.0,7.2,72.4,Other,East,Standard,False,False,2025-09-15,0
511,46.7,1.0,32.1,-292.65,2.0,0.0,6.3,36.2,Female,South,Basic,True,False,2025-02-15,0
512,41.2,1.0,76.87,281.44,3.0,1.0,7.6,88.7,Male,urban,Basic,False,True,2025-02-15,1
513,25.1,25.0,85.45,1782.44,4.0,3.0,6.1,53.0,Female,North,Basic,True,False,2025-10-15,1
514,18.0,36.0,73.01,2589.33,1.0,0.0,8.4,64.5,Male,URBAN,Basic,True,False,2025-06-15,0
515,28.2,2.0,42.3,-61.37,7.0,3.0,5.5,64.7,Male,Urban,Basic,True,False,2025-08-15,0
516,43.7,8.0,45.54,-72.55,3.0,1.0,8.0,38.5,Female,Suburban,Standard,True,False,2025-08-15,0
517,38.7,25.0,113.84,2780.22,1.0,3.0,6.1,60.6,Female,North,Basic,True,True,2025-09-15,0
518,43.5,43.0,73.84,3557.46,0.0,2.0,10.0,76.9,Male,Rural,basic,True,False,2025-10-15,0
519,30.6,33.0,81.8,2212.26,5.0,1.0,4.8,71.2,Female,Urban,Basic,False,False,2025-08-15,0
520,32.2,134.0,91.21,12102.18,0.0,1.0,6.9,150.0,Male,Rural,Basic,True,True,2025-02-15,0
521,43.8,10.0,85.32,890.07,3.0,2.0,7.4,42.9,Female,URBAN,Basic,False,True,2025-12-15,0
522,22.1,10.0,29.52,283.34,5.0,2.0,6.8,55.6,Female,Urban,Standard,True,False,2025-01-15,0
523,29.2,16.0,23.96,323.17,1.0,2.0,4.3,64.4,Other,URBAN,Basic,True,True,2025-04-15,0
524,32.1,11.0,58.25,707.68,1.0,0.0,7.5,47.3,Male,Urban,Standard,True,False,2025-07-15,0
525,49.4,4.0,45.44,-298.99,5.0,4.0,3.7,52.4,Other,Suburban,Standard,True,False,2025-05-15,1
526,37.3,16.0,87.51,1620.29,3.0,2.0,6.5,89.8,Male,South,Basic,True,False,2025-07-15,0
527,18.0,5.0,57.5,252.29,0.0,1.0,7.5,60.8,Female,Urban,Standard,False,False,2025-09-15,1
528,20.2,30.0,55.2,1785.08,1.0,2.0,6.6,53.7,Male,Urban,Standard,False,False,2025-10-15,0
529,48.1,65.0,86.33,5662.39,2.0,1.0,7.8,78.9,Male,Suburban,Basic,True,False,2025-01-15,0
530,60.1,15.0,81.83,1499.02,7.0,3.0,5.7,59.4,Female,North,Basic,True,False,2025-08-15,0
531,32.8,18.0,96.92,1497.2,3.0,0.0,7.2,69.5,Other,Suburban,Standard,True,True,2025-09-15,0
532,48.4,43.0,68.05,2901.36,4.0,3.0,6.2,54.0,Other,East,Basic,True,False,2025-06-15,0
533,30.8,45.0,85.52,4043.58,4.0,1.0,7.7,39.4,Other,East,Basic,True,False,2025-12-15,1
534,43.5,45.0,54.97,2521.54,4.0,2.0,6.5,61.8,Other,urban,Standard,False,False,2025-09-15,0
535,30.4,7.0,72.22,605.25,5.0,1.0,8.1,39.0,Other,Suburban,Standard,True,False,2025-05-15,0
536,53.8,7.0,47.05,29.69,5.0,1.0,4.5,51.9,Female,Rural,Premium,True,False,2025-06-15,0
537,39.3,71.0,93.13,6376.78,4.0,4.0,6.2,103.5,Other,South,basic,True,False,2025-05-15,1
538,38.7,35.0,71.17,2097.85,2.0,1.0,7.5,59.7,Female,North,Standard,True,False,2025-11-15,0
539,31.4,5.0,74.07,534.38,5.0,4.0,7.7,73.8,Other,West,Standard,True,False,2025-08-15,1
540,56.5,73.0,105.0,7901.84,3.0,3.0,8.4,106.1,Other,East,Standard,False,True,2025-10-15,1
541,40.6,34.0,91.25,2920.87,4.0,3.0,5.6,87.7,Other,URBAN,Basic,False,False,2025-04-15,1
542,60.5,15.0,57.58,1011.52,6.0,1.0,6.8,58.0,Other,North,Standard,False,False,2025-02-15,0
543,38.9,9.0,65.14,433.1,3.0,2.0,6.8,63.7,Female,West,Basic,False,False,2025-07-15,1
544,44.8,5.0,75.91,347.0,2.0,3.0,6.4,48.1,Male,East,Basic,False,False,2025-07-15,0
545,42.2,6.0,56.57,160.37,5.0,2.0,5.1,84.3,Female,Suburban,Standard,False,True,2025-12-15,0
546,37.5,10.0,51.38,344.55,5.0,3.0,5.8,49.6,Other,North,Standard,False,False,2025-04-15,0
547,30.2,3.0,41.5,130.95,6.0,2.0,8.0,50.1,Other,Suburban,Basic,False,False,2025-08-15,0
548,18.0,92.0,85.48,7877.0,3.0,1.0,9.5,88.3,Male,Suburban,Basic,,True,2025-08-15,0
549,34.1,11.0,59.89,803.66,4.0,1.0,6.5,47.1,Female,Suburban,Basic,True,False,2025-11-15,0
550,18.0,17.0,91.2,1866.29,3.0,3.0,4.8,71.1,Male,urban,Standard,True,False,2025-04-15,1
551,66.9,42.0,59.62,2696.91,2.0,2.0,8.4,78.1,Male,urban,Standard,False,False,2025-05-15,0
552,53.0,56.0,59.67,3333.6,0.0,1.0,5.9,80.5,Other,urban,Standard,True,True,2025-12-15,0
553,33.4,15.0,51.06,783.5,5.0,3.0,9.3,30.3,Female,Rural,Basic,False,True,2025-09-15,0
554,34.3,13.0,46.51,387.42,2.0,2.0,8.2,65.9,Other,urban,Basic,False,False,2025-11-15,0
555,42.3,8.0,90.89,893.0,3.0,0.0,6.3,89.7,Female,Suburban,Basic,True,False,2025-06-15,0
556,32.4,1.0,71.25,229.58,1.0,0.0,6.7,41.7,Female,East,Basic,False,False,2025-12-15,1
557,47.9,71.0,75.27,5223.43,4.0,3.0,5.2,88.3,Female,South,Basic,True,False,2025-11-15,0
558,18.0,36.0,69.15,2288.8,3.0,3.0,5.2,80.8,Male,urban,Standard,False,False,2025-04-15,0
559,36.7,1.0,75.49,9.06,5.0,0.0,10.0,45.2,Other,Suburban,Basic,True,False,2025-12-15,0
560,50.9,145.0,95.33,13614.84,5.0,2.0,6.6,136.2,Other,urban,Basic,False,False,2025-12-15,0
561,48.0,8.0,51.18,699.19,2.0,3.0,4.3,77.6,Other,West,Basic,True,False,2025-09-15,1
562,29.6,21.0,60.6,1464.44,5.0,0.0,7.2,86.1,Male,West,Standard,True,False,2025-02-15,0
563,39.2,65.0,83.58,5847.16,2.0,0.0,8.7,106.8,Female,URBAN,Basic,True,False,2025-02-15,0
564,39.9,66.0,102.71,6701.57,7.0,2.0,6.6,62.1,Other,East,Basic,False,False,2025-03-15,0
565,34.7,56.0,75.43,4168.01,2.0,4.0,4.4,85.7,Female,URBAN,Standard,False,True,2025-08-15,0
566,51.7,18.0,86.08,1315.51,2.0,2.0,6.4,62.1,Female,West,Standard,True,False,2025-06-15,0
567,18.0,47.0,49.42,2504.17,4.0,1.0,4.0,107.2,Male,urban,Standard,True,False,2025-11-15,1
568,36.9,41.0,74.44,3131.3,4.0,1.0,9.8,52.8,Other,West,Standard,False,False,2025-01-15,0
569,64.7,60.0,53.23,2940.53,4.0,3.0,4.6,124.6,Male,East,Basic,True,False,2025-01-15,1
570,41.4,12.0,46.69,384.47,3.0,1.0,7.8,51.9,Male,URBAN,Standard,False,False,2025-12-15,0
571,34.7,18.0,77.24,1399.28,4.0,1.0,8.1,96.1,Male,urban,Premium,True,False,2025-05-15,1
572,45.9,13.0,68.02,929.79,0.0,1.0,7.6,49.3,Female,South,Premium,True,False,2025-05-15,0
573,32.5,16.0,20.84,235.28,2.0,2.0,7.2,78.6,Other,Rural,basic,True,False,2025-09-15,0
574,28.3,47.0,63.76,2843.65,2.0,0.0,7.1,98.2,Male,Rural,Premium,True,False,2025-09-15,0
575,26.8,17.0,61.02,1265.47,1.0,0.0,6.0,71.0,Male,Rural,Basic,True,False,2025-06-15,0
576,58.2,10.0,49.37,323.74,2.0,0.0,3.9,84.9,Other,East,Standard,True,False,2025-05-15,0
577,52.4,73.0,66.39,4789.63,5.0,2.0,7.5,146.5,Female,East,Basic,True,False,2025-05-15,0
578,29.8,28.0,79.43,2415.52,5.0,1.0,8.2,97.6,Other,West,Basic,True,False,2025-07-15,0
579,26.7,32.0,89.59,3079.83,3.0,2.0,7.3,62.1,Male,URBAN,Standard,True,False,2025-07-15,1
580,25.3,34.0,105.29,3372.24,7.0,1.0,7.6,127.8,Male,South,Basic,False,False,2025-08-15,0
581,35.8,14.0,71.3,1177.33,0.0,2.0,6.4,51.0,Male,Urban,Premium,False,False,2025-05-15,1
582,46.9,66.0,69.98,4926.91,6.0,0.0,7.7,104.0,Female,URBAN,Basic,True,False,2025-06-15,0
583,33.8,19.0,53.33,362.47,5.0,1.0,4.4,100.8,Other,urban,Standard,True,False,2025-01-15,0
584,39.8,5.0,94.14,274.72,5.0,1.0,6.5,64.9,Other,urban,Standard,False,False,2025-04-15,1
585,48.2,58.0,109.64,6642.81,4.0,3.0,7.0,99.3,Female,North,Standard,False,True,2025-05-15,1
586,65.7,63.0,73.2,4335.61,4.0,1.0,5.7,92.4,Other,East,Basic,True,False,2025-12-15,0
587,36.8,26.0,44.33,1090.87,6.0,2.0,6.1,49.4,Other,urban,Standard,True,False,2025-05-15,0
588,26.3,9.0,64.04,223.33,7.0,1.0,8.1,72.9,Male,Urban,Standard,True,False,2025-03-15,0
589,51.6,3.0,36.6,-47.65,3.0,5.0,6.7,61.5,Other,Rural,Basic,False,False,2025-10-15,0
590,40.7,17.0,40.95,769.24,2.0,1.0,7.3,97.6,Other,Urban,Basic,False,True,2025-08-15,0
591,30.1,1.0,55.26,-23.42,1.0,0.0,6.6,53.7,Male,Suburban,Premium,False,True,2025-04-15,0
592,35.2,36.0,76.37,2433.41,2.0,0.0,5.5,114.0,Other,South,Standard,True,False,2025-12-15,0
593,47.9,4.0,92.5,260.97,7.0,2.0,7.1,59.6,Other,Urban,Basic,True,False,2025-02-15,0
594,50.0,195.0,96.4,18715.81,1.0,1.0,6.0,122.9,Other,North,Premium,True,False,2025-04-15,0
595,42.9,38.0,64.29,2471.63,3.0,3.0,3.7,80.6,Female,Suburban,Basic,True,False,2025-09-15,1
596,48.6,7.0,70.38,242.58,4.0,1.0,5.0,44.2,Male,Rural,Basic,False,True,2025-12-15,0
597,37.1,7.0,80.73,827.52,5.0,2.0,8.2,60.6,Other,Rural,Basic,True,False,2025-08-15,0
598,54.6,1.0,22.35,314.8,1.0,3.0,8.3,66.2,Other,North,Standard,True,False,2025-07-15,0
599,39.1,75.0,105.02,8225.32,6.0,3.0,5.4,121.4,Other,Rural,Standard,True,True,2025-08-15,0
600,43.1,19.0,59.76,1471.83,1.0,0.0,9.1,79.2,Female,urban,Standard,False,True,2025-05-15,0
601,49.7,23.0,81.24,2033.37,4.0,2.0,4.0,41.7,Other,North,Standard,True,False,2025-02-15,0
602,42.5,6.0,61.29,266.53,3.0,2.0,6.1,32.9,Other,North,Basic,True,False,2025-02-15,0
603,64.8,67.0,86.56,5799.19,4.0,4.0,9.0,99.1,Male,Suburban,basic,True,False,2025-08-15,0
604,38.0,18.0,49.82,677.38,4.0,5.0,7.3,69.2,Male,North,Basic,True,False,2025-03-15,1
605,34.9,41.0,92.33,3565.73,5.0,0.0,4.6,66.5,Female,URBAN,Basic,False,False,2025-08-15,0
606,58.5,63.0,114.05,6856.97,3.0,1.0,3.6,56.3,Other,URBAN,Basic,True,False,2025-11-15,1
607,35.5,9.0,45.7,47.25,5.0,2.0,3.5,34.9,Female,Suburban,Basic,True,False,2025-02-15,0
608,61.2,7.0,81.44,719.93,2.0,1.0,4.5,63.3,Female,East,basic,True,False,2025-09-15,1
609,43.5,5.0,107.52,614.79,2.0,1.0,5.8,57.3,Male,East,Standard,True,True,2025-01-15,1
610,25.0,1.0,86.93,575.17,5.0,5.0,3.8,45.4,Female,North,basic,True,False,2025-11-15,1
611,30.8,46.0,79.31,3524.8,5.0,4.0,6.9,90.0,Female,Suburban,Basic,True,False,2025-04-15,0
612,33.7,72.0,57.95,4039.21,6.0,1.0,5.5,84.9,Male,West,Standard,False,False,2025-05-15,0
613,42.2,17.0,72.51,1571.11,6.0,2.0,7.9,139.1,Other,West,Premium,True,True,2025-02-15,1
614,42.8,7.0,54.62,240.83,2.0,,4.8,50.7,Female,North,Premium,True,True,2025-10-15,0
615,51.4,6.0,72.3,548.23,4.0,0.0,5.3,55.8,Male,North,Basic,True,False,2025-02-15,0
616,47.1,4.0,68.46,136.51,6.0,2.0,7.6,100.1,Other,North,Basic,True,False,2025-12-15,0
617,43.1,81.0,73.58,5860.97,7.0,1.0,5.1,100.9,Male,North,Basic,True,False,2025-07-15,0
618,43.0,41.0,78.01,3140.88,6.0,1.0,6.3,74.1,Male,Rural,Basic,True,False,2025-01-15,0
619,55.6,31.0,95.41,9477.48,0.0,0.0,6.4,89.6,Female,East,Standard,False,False,2025-04-15,0
620,30.1,19.0,48.77,945.49,6.0,1.0,10.0,71.4,Other,Urban,Standard,False,True,2025-06-15,0
621,34.8,75.0,96.78,7297.38,5.0,1.0,6.6,114.0,Male,West,Basic,True,False,2025-11-15,0
622,36.5,2.0,62.75,507.91,5.0,4.0,4.7,95.2,Female,Suburban,Basic,False,False,2025-05-15,1
623,36.7,16.0,59.77,1038.38,0.0,1.0,8.2,56.4,Other,North,Standard,False,False,2025-12-15,0
624,32.4,11.0,66.24,672.8,3.0,0.0,8.2,29.9,Female,East,Standard,True,,2025-09-15,0
625,40.6,50.0,81.54,4398.6,6.0,6.0,8.6,30.5,Female,Rural,Basic,False,False,2025-11-15,0
626,33.3,34.0,77.45,2566.98,4.0,2.0,4.4,66.4,Female,URBAN,Standard,True,False,2025-12-15,0
627,31.6,80.0,90.86,6954.45,2.0,1.0,7.8,91.7,Female,URBAN,Basic,False,False,2025-07-15,0
628,20.4,62.0,93.53,5801.06,4.0,1.0,8.2,99.0,Female,East,Standard,False,False,2025-04-15,0
629,18.0,1.0,92.16,482.79,5.0,3.0,6.5,41.7,Other,West,Basic,True,True,2025-03-15,1
630,18.0,45.0,91.24,3831.19,6.0,4.0,4.4,112.1,Other,Rural,Premium,False,False,2025-07-15,1
631,30.6,14.0,59.76,461.73,3.0,1.0,9.4,71.0,Male,URBAN,Standard,True,False,2025-07-15,0
632,48.1,24.0,40.48,639.08,4.0,1.0,4.8,89.6,Female,West,Basic,False,False,2025-11-15,0
633,18.0,29.0,82.88,2029.41,2.0,2.0,9.0,67.2,Female,South,Premium,True,False,2025-02-15,0
634,34.4,13.0,65.04,749.99,3.0,3.0,6.4,92.7,Male,Suburban,Standard,True,False,2025-01-15,0
635,31.4,8.0,57.72,356.13,6.0,2.0,5.6,64.1,Other,urban,Basic,True,False,2025-10-15,0
636,47.1,16.0,20.16,488.22,3.0,2.0,5.8,26.6,Male,North,Premium,True,False,2025-10-15,0
637,36.5,140.0,77.39,10944.48,1.0,1.0,9.5,127.7,Male,Suburban,Basic,True,False,2025-06-15,0
638,54.2,56.0,43.37,2666.22,1.0,0.0,5.9,79.1,Male,urban,basic,False,False,2025-04-15,0
639,40.5,27.0,89.14,2010.45,3.0,6.0,6.3,79.5,Male,West,basic,True,False,2025-12-15,1
640,58.9,108.0,106.78,11694.47,2.0,1.0,7.1,143.8,Other,Rural,Premium,False,False,2025-10-15,0
641,23.5,7.0,105.4,740.62,5.0,2.0,4.0,30.3,Male,West,Basic,True,False,2025-09-15,1
642,39.9,6.0,48.78,620.57,5.0,4.0,5.4,68.6,Female,Urban,Standard,True,False,2025-08-15,1
643,37.7,8.0,64.55,656.16,2.0,1.0,3.8,34.6,Female,Suburban,Standard,True,False,2025-05-15,0
644,51.6,1.0,88.92,232.75,7.0,5.0,8.5,60.7,Female,Urban,Standard,False,False,2025-08-15,0
645,36.1,14.0,71.47,1175.36,3.0,1.0,7.0,50.3,Other,South,Premium,True,False,2025-08-15,0
646,38.1,79.0,99.95,8183.4,3.0,1.0,6.6,114.9,Female,Urban,Premium,False,False,2025-06-15,1
647,39.9,42.0,59.45,2746.9,1.0,2.0,6.4,98.3,Male,URBAN,Basic,True,True,2025-12-15,0
648,41.5,10.0,63.62,841.93,2.0,1.0,7.4,53.1,Other,East,Basic,True,False,2025-10-15,0
649,52.3,59.0,110.53,6512.74,4.0,,5.2,67.2,Male,URBAN,Basic,True,False,2025-06-15,0
650,28.9,12.0,97.27,1082.81,4.0,0.0,8.0,63.6,Male,West,Basic,False,True,2025-08-15,0
651,48.4,61.0,111.61,6533.0,3.0,2.0,7.3,92.3,Other,Suburban,Standard,False,False,2025-06-15,0
652,39.6,67.0,48.64,3593.93,3.0,0.0,8.3,75.3,Female,urban,Standard,True,False,,0
653,55.9,16.0,54.11,682.65,3.0,2.0,5.1,81.6,Other,Rural,Standard,False,False,2025-06-15,0
654,30.9,14.0,86.07,1324.2,6.0,3.0,6.9,42.5,Other,East,Basic,False,False,2025-08-15,1
655,45.6,66.0,122.65,8169.58,6.0,1.0,8.0,86.2,Other,East,Premium,True,True,2025-11-15,0
656,36.2,69.0,90.09,6258.3,8.0,2.0,6.5,57.8,Male,North,Standard,True,False,2025-11-15,0
657,56.9,7.0,79.56,534.92,3.0,3.0,3.3,87.1,Female,North,Standard,True,False,2025-03-15,0
658,36.7,28.0,41.49,1318.1,1.0,1.0,6.7,69.0,Male,West,Basic,True,True,2025-01-15,0
659,46.2,12.0,37.07,379.51,0.0,0.0,4.9,69.2,Female,West,Standard,True,True,2025-01-15,0
660,34.6,22.0,80.28,1797.97,2.0,1.0,7.9,71.7,Male,Rural,Standard,True,False,2025-01-15,0
661,49.3,20.0,64.32,1366.59,4.0,1.0,5.2,48.9,Male,Suburban,Standard,True,False,2025-01-15,0
662,32.6,23.0,47.64,902.35,5.0,2.0,5.9,64.2,Other,Suburban,Standard,False,False,2025-05-15,0
663,44.4,15.0,89.76,1327.29,7.0,6.0,6.3,74.5,Other,North,Standard,True,False,2025-11-15,0
664,33.3,4.0,64.56,423.62,0.0,3.0,6.1,16.4,Male,URBAN,Premium,True,False,2025-02-15,1
665,33.8,24.0,117.29,2926.49,4.0,1.0,7.3,105.1,Male,South,Standard,False,False,2025-04-15,1
666,42.5,12.0,56.89,714.62,0.0,1.0,8.1,95.6,Female,Suburban,Basic,True,False,2025-05-15,0
667,18.0,14.0,86.2,1329.01,4.0,1.0,8.2,65.0,Female,URBAN,Basic,True,False,2025-08-15,0
668,52.2,19.0,65.73,1654.26,1.0,1.0,4.8,76.9,Male,West,basic,True,False,2025-05-15,0
669,31.2,5.0,64.78,317.31,2.0,1.0,8.8,88.8,Other,South,Standard,False,True,2025-01-15,0
670,48.9,64.0,116.39,7490.95,3.0,2.0,7.7,97.3,Female,South,Basic,True,False,2025-09-15,0
671,38.3,14.0,62.3,1066.64,5.0,0.0,5.9,49.1,Male,Rural,Basic,True,True,2025-12-15,1
672,35.7,15.0,48.5,737.82,6.0,1.0,4.5,54.5,Female,East,Basic,True,False,2025-11-15,0
673,33.3,1.0,41.62,-80.55,4.0,0.0,8.8,73.8,Male,Urban,Standard,False,False,2025-09-15,0
674,50.7,10.0,93.15,1010.77,4.0,1.0,5.6,63.0,Other,North,Basic,True,False,2025-10-15,0
675,51.4,74.0,50.93,3743.05,2.0,0.0,6.0,103.3,Male,Rural,Basic,False,False,2025-11-15,0
676,,23.0,73.62,1287.21,3.0,0.0,9.3,49.9,Other,urban,Premium,False,False,2025-11-15,0
677,32.3,6.0,53.08,157.88,1.0,1.0,8.4,72.8,Female,North,Basic,False,False,2025-01-15,0
678,48.5,54.0,61.42,3687.03,2.0,1.0,8.9,50.4,Other,West,Standard,False,True,2025-07-15,0
679,41.2,1.0,28.85,217.91,1.0,1.0,5.2,39.3,Other,South,Basic,True,False,2025-04-15,0
680,18.0,67.0,59.78,4309.47,0.0,0.0,7.3,126.9,Other,URBAN,Standard,False,False,2025-06-15,0
681,50.7,15.0,85.84,877.41,2.0,1.0,6.1,80.0,Male,URBAN,Standard,True,False,2025-12-15,0
682,31.6,6.0,53.68,509.79,4.0,3.0,5.3,52.4,Female,South,Standard,True,True,2025-01-15,0
683,57.9,49.0,76.6,4074.84,5.0,0.0,8.5,56.3,Male,South,Basic,True,True,2025-06-15,0
684,26.4,41.0,95.95,3802.45,6.0,0.0,6.7,91.4,Female,URBAN,basic,True,False,2025-01-15,0
685,31.3,10.0,54.45,695.15,3.0,0.0,6.6,71.7,Female,urban,Standard,False,False,2025-08-15,0
686,46.6,14.0,59.6,774.49,1.0,2.0,4.1,93.5,Female,West,Basic,True,False,2025-07-15,0
687,58.5,3.0,75.47,228.6,0.0,0.0,7.2,28.1,Other,East,Standard,True,False,2025-07-15,0
688,49.0,37.0,79.99,3101.51,3.0,1.0,7.3,62.3,Female,South,Standard,False,False,2025-04-15,0
689,28.0,63.0,84.34,5475.37,2.0,3.0,4.0,65.5,Male,South,Basic,False,False,2025-07-15,1
690,39.7,56.0,52.77,3474.92,0.0,2.0,7.6,69.8,Female,East,Standard,False,False,2025-06-15,0
691,52.5,4.0,50.42,422.93,2.0,1.0,10.0,63.1,Female,South,Basic,False,True,2025-08-15,0
692,39.3,2.0,92.96,-195.98,5.0,1.0,7.8,61.8,Male,Urban,Standard,False,False,2025-03-15,1
693,23.9,87.0,81.0,6937.46,2.0,1.0,7.4,77.0,Female,South,Basic,True,True,2025-09-15,0
694,45.1,19.0,108.26,1662.37,6.0,1.0,7.8,75.9,Male,Suburban,Standard,False,True,2025-01-15,1
695,34.6,60.0,86.69,5396.39,6.0,0.0,8.4,113.3,Male,South,Basic,False,True,2025-10-15,1
696,27.8,29.0,68.45,1946.41,5.0,1.0,7.7,69.1,Male,Urban,Premium,True,False,2025-05-15,0
697,19.8,73.0,74.6,5764.63,6.0,1.0,5.7,90.0,Male,URBAN,Basic,True,False,2025-12-15,0
698,24.8,10.0,91.36,672.4,2.0,1.0,9.8,68.0,Male,Suburban,Premium,True,False,2025-10-15,0
699,55.3,50.0,64.14,2976.05,5.0,3.0,10.0,77.9,Female,Suburban,Basic,False,True,2025-03-15,0
700,38.9,7.0,57.63,660.5,3.0,3.0,7.0,58.1,Female,East,Basic,False,False,2025-08-15,0
701,37.5,14.0,99.23,1655.26,4.0,0.0,6.8,78.5,Female,East,Basic,True,False,2025-05-15,0
702,44.7,23.0,51.12,1426.84,4.0,4.0,5.3,71.5,Male,URBAN,Basic,True,False,2025-06-15,1
703,31.0,1.0,59.08,-78.74,4.0,4.0,6.2,75.3,Other,urban,Premium,True,False,2025-11-15,1
704,29.1,91.0,91.04,8207.74,3.0,3.0,7.5,103.7,Male,Rural,Standard,True,False,2025-08-15,0
705,57.9,26.0,69.51,1581.91,2.0,0.0,4.8,81.9,Male,South,Basic,True,False,2025-07-15,0
706,40.3,80.0,119.09,9244.06,6.0,2.0,5.4,98.3,Female,Urban,Premium,False,False,2025-06-15,1
707,39.5,1.0,340.14,414.37,6.0,2.0,5.6,51.3,Other,Rural,Basic,True,False,2025-10-15,0
708,56.1,45.0,43.79,1839.81,2.0,3.0,4.6,97.0,Other,East,Basic,True,False,2025-12-15,0
709,33.7,1.0,55.54,40.97,7.0,1.0,7.1,43.7,Male,West,Standard,True,False,2025-07-15,1
710,45.5,45.0,73.11,3531.73,3.0,3.0,5.0,126.7,Other,Urban,Basic,True,True,2025-11-15,1
711,50.4,29.0,114.36,3309.73,3.0,3.0,6.3,104.5,Male,Rural,basic,False,False,2025-06-15,0
712,30.4,1.0,51.26,-24.22,5.0,1.0,9.9,80.1,Female,URBAN,Basic,True,False,2025-06-15,0
713,37.4,15.0,52.84,164.86,3.0,1.0,4.3,69.2,Male,South,Premium,True,True,2025-10-15,0
714,63.1,46.0,57.13,2562.89,7.0,3.0,5.8,79.3,Other,Suburban,Basic,False,False,2025-01-15,1
715,36.9,95.0,96.41,9349.77,5.0,1.0,4.8,109.2,Male,Rural,Premium,True,False,2025-08-15,1
716,47.4,6.0,58.66,367.79,2.0,2.0,,66.0,Male,urban,Premium,False,False,2025-07-15,0
717,29.4,40.0,79.81,3554.31,4.0,1.0,6.8,45.6,Female,Rural,Basic,True,False,2025-04-15,0
718,44.3,53.0,107.28,5880.91,3.0,1.0,6.5,56.8,Other,urban,Standard,True,False,2025-07-15,0
719,45.3,149.0,89.38,13449.8,3.0,0.0,7.1,150.0,Other,URBAN,Basic,False,True,2025-08-15,0
720,53.8,102.0,114.89,11239.34,3.0,1.0,,71.4,Other,URBAN,Standard,False,True,2025-07-15,0
721,67.9,63.0,75.18,4543.59,0.0,1.0,5.4,88.3,Female,Suburban,Basic,False,True,2025-12-15,0
722,37.8,137.0,137.9,18825.24,7.0,0.0,6.7,132.0,Male,Suburban,Standard,False,False,2025-02-15,0
723,37.8,85.0,92.62,7893.12,3.0,2.0,5.0,114.6,Female,West,Standard,False,False,2025-03-15,0
724,34.1,9.0,42.16,596.34,3.0,2.0,5.1,74.7,Other,North,Standard,False,False,2025-11-15,0
725,51.1,4.0,63.08,30.56,3.0,3.0,6.2,77.8,Female,URBAN,basic,True,False,2025-07-15,0
726,31.0,55.0,78.73,4168.41,3.0,5.0,7.2,78.8,Female,South,Basic,True,False,2025-04-15,0
727,49.1,25.0,69.95,1768.58,3.0,1.0,8.7,73.6,Other,Suburban,Standard,False,False,2025-10-15,0
728,47.2,80.0,77.8,6161.21,3.0,6.0,8.5,101.6,Female,West,Basic,True,False,2025-08-15,1
729,30.8,7.0,61.5,552.98,0.0,1.0,7.6,76.3,Male,Suburban,Basic,True,False,2025-08-15,0
730,46.5,3.0,88.42,562.36,0.0,0.0,10.0,39.3,Male,South,Basic,True,False,2025-02-15,0
731,51.1,3.0,61.01,131.97,4.0,0.0,6.4,105.2,Female,East,Basic,False,False,2025-08-15,0
732,18.0,15.0,74.04,1321.82,5.0,4.0,5.4,107.7,Female,West,Standard,False,False,2025-08-15,0
733,37.9,10.0,98.77,957.67,4.0,2.0,5.8,43.9,Other,South,Basic,True,False,2025-08-15,0
734,71.2,69.0,101.16,6915.7,5.0,2.0,6.4,81.5,Male,Urban,Basic,True,False,2025-12-15,0
735,31.0,1.0,86.05,120.34,5.0,1.0,7.2,40.4,Female,South,Basic,True,False,2025-11-15,0
736,29.6,57.0,104.11,5630.31,0.0,1.0,5.8,81.2,Male,South,Standard,False,False,2025-12-15,0
737,38.9,34.0,121.01,4447.82,5.0,4.0,8.0,67.4,Other,West,Standard,False,True,2025-03-15,0
738,41.5,20.0,62.17,1115.25,3.0,2.0,8.6,83.7,Female,Urban,Standard,False,False,2025-04-15,0
739,30.1,20.0,64.14,1571.49,0.0,2.0,6.2,65.1,Male,URBAN,Standard,True,False,2025-11-15,0
740,49.0,32.0,74.1,2577.58,4.0,1.0,6.9,72.6,Other,URBAN,Basic,True,False,2025-10-15,0
741,56.8,13.0,123.27,1527.18,5.0,3.0,6.7,81.9,Female,West,Basic,True,False,2025-07-15,1
742,23.3,8.0,69.23,684.91,4.0,1.0,8.0,71.0,Male,North,Standard,False,False,2025-05-15,0
743,32.9,15.0,81.25,1268.67,0.0,2.0,5.7,46.2,Other,South,Standard,True,False,2025-03-15,0
744,41.2,65.0,89.13,5501.69,4.0,3.0,4.0,65.1,Female,Urban,Basic,False,False,2025-02-15,0
745,30.0,30.0,93.92,2805.29,6.0,2.0,6.8,98.3,Female,urban,Standard,True,False,2025-09-15,0
746,18.0,29.0,109.02,3036.16,4.0,3.0,5.2,80.4,Other,Urban,Standard,False,False,2025-07-15,1
747,45.4,34.0,83.29,2712.3,2.0,2.0,5.7,110.2,Female,South,Basic,True,False,2025-10-15,1
748,32.4,46.0,94.02,4367.82,4.0,4.0,5.4,56.8,Other,East,Premium,True,False,2025-05-15,1
749,61.2,27.0,100.37,2552.66,5.0,3.0,4.8,61.0,Female,South,Standard,True,False,2025-02-15,1
750,40.6,78.0,54.13,4049.26,6.0,2.0,4.3,126.6,Male,West,Basic,False,False,2025-06-15,0
751,25.5,53.0,69.28,3363.55,3.0,0.0,7.7,75.0,Female,East,Standard,True,False,2025-10-15,0
752,52.0,72.0,88.61,6315.84,4.0,2.0,4.9,104.5,Female,East,Standard,False,True,2025-03-15,0
753,55.2,1.0,50.78,377.0,1.0,0.0,7.8,84.7,Other,Rural,Standard,False,False,2025-11-15,0
754,31.7,43.0,127.25,5197.39,4.0,1.0,8.3,64.7,Female,East,Standard,False,False,2025-05-15,0
755,50.2,44.0,78.9,3385.06,4.0,1.0,5.3,107.8,Female,East,Basic,False,False,2025-10-15,0
756,38.1,15.0,69.45,692.76,1.0,1.0,8.2,58.6,Male,North,Premium,True,False,2025-08-15,0
757,36.9,16.0,63.08,1105.32,6.0,2.0,7.2,84.8,Female,East,Basic,False,False,2025-09-15,0
758,36.2,24.0,47.56,1219.47,1.0,1.0,4.4,74.8,Female,Suburban,Standard,True,False,2025-11-15,0
759,46.3,30.0,76.15,2345.59,5.0,4.0,7.2,79.2,Female,Rural,Basic,False,True,2025-08-15,1
760,57.3,56.0,52.5,3029.37,0.0,1.0,7.3,112.3,Male,East,Basic,False,False,2025-04-15,0
761,29.6,125.0,95.27,11457.88,5.0,0.0,8.9,150.0,Male,urban,Basic,True,False,2025-09-15,0
762,62.4,3.0,27.77,47.12,3.0,0.0,9.2,28.8,Female,urban,Basic,True,False,2025-10-15,0
763,50.2,2.0,58.97,30.68,5.0,1.0,6.1,45.8,Male,Rural,Standard,True,False,2025-10-15,0
764,53.5,19.0,106.06,1513.36,3.0,1.0,7.0,66.2,Other,South,Basic,False,True,2025-06-15,1
765,69.6,11.0,70.02,908.98,6.0,1.0,5.5,79.4,Male,Suburban,Premium,False,False,2025-12-15,0
766,25.2,53.0,69.74,3430.8,3.0,1.0,9.0,109.4,Female,Rural,Standard,True,False,2025-02-15,0
767,35.2,95.0,92.26,8866.93,3.0,1.0,9.1,92.1,Male,West,Basic,False,False,2025-08-15,0
768,18.6,15.0,130.83,2011.88,3.0,1.0,7.5,64.7,Male,urban,Basic,True,False,2025-08-15,0
769,48.5,48.0,77.93,4201.59,1.0,3.0,4.6,70.3,Male,South,Standard,True,True,2025-04-15,0
770,53.8,34.0,102.27,3463.83,6.0,4.0,7.7,126.5,Other,Urban,Premium,True,False,2025-11-15,1
771,50.5,40.0,84.54,3421.22,0.0,2.0,7.2,84.0,Male,URBAN,Basic,True,False,2025-04-15,0
772,18.0,30.0,53.12,1572.91,0.0,1.0,9.1,63.2,Other,West,Premium,False,False,2025-06-15,0
773,43.0,53.0,77.75,4469.84,5.0,4.0,3.7,52.4,Other,Suburban,Basic,True,True,2025-03-15,1
774,53.3,159.0,113.13,18205.81,1.0,1.0,8.1,150.0,Female,Urban,basic,True,False,2025-05-15,0
775,38.3,25.0,67.45,1341.63,4.0,2.0,6.8,34.9,Other,urban,basic,True,False,2025-11-15,1
776,27.2,34.0,45.99,1413.45,6.0,6.0,4.7,36.1,Female,South,Basic,True,False,2025-01-15,0
777,47.4,52.0,72.89,4059.49,2.0,0.0,7.2,115.2,Male,urban,Premium,True,False,2025-12-15,0
778,62.3,75.0,49.53,3724.91,4.0,3.0,8.3,70.0,Other,East,Basic,True,False,2025-06-15,0
779,26.6,68.0,40.32,2594.64,4.0,2.0,5.7,76.4,Other,West,Standard,False,False,2025-07-15,0
780,48.2,1.0,56.0,-16.86,7.0,3.0,3.7,86.9,Other,Rural,Basic,True,False,2025-05-15,1
781,55.1,10.0,95.75,1145.07,3.0,2.0,5.1,64.4,Male,URBAN,Basic,False,False,2025-11-15,0
782,44.3,29.0,78.96,2352.55,4.0,1.0,7.4,79.8,Other,South,Basic,False,False,2025-05-15,0
783,25.3,36.0,96.18,3246.16,5.0,1.0,6.1,65.9,Female,Urban,Standard,False,False,2025-06-15,0
784,58.1,50.0,48.7,2293.69,4.0,0.0,5.5,78.4,Other,North,Premium,False,False,2025-02-15,1
785,34.0,20.0,87.38,1591.9,7.0,1.0,8.8,59.5,Other,Rural,Standard,False,False,2025-06-15,0
786,43.6,11.0,74.91,1102.41,3.0,1.0,5.0,74.9,Female,South,Standard,True,False,2025-04-15,0
787,18.8,9.0,65.79,576.65,3.0,1.0,6.5,95.3,Female,URBAN,Premium,True,False,2025-05-15,0
788,60.9,81.0,94.78,7619.41,5.0,1.0,7.9,95.4,Female,Urban,Premium,True,False,2025-09-15,0
789,26.5,46.0,120.11,5587.11,6.0,2.0,4.9,86.2,Female,East,Standard,True,False,2025-06-15,1
790,54.5,51.0,88.16,4320.15,2.0,1.0,6.4,91.1,Other,North,Basic,False,False,2025-08-15,0
791,48.4,13.0,105.52,1708.48,5.0,0.0,7.0,61.0,Male,North,Basic,True,False,2025-08-15,0
792,23.8,28.0,69.6,2036.21,2.0,0.0,7.0,54.3,Female,Rural,Basic,True,False,2025-04-15,0
793,45.9,21.0,101.26,2221.72,4.0,2.0,5.5,33.4,Female,East,Premium,True,False,2025-03-15,1
794,37.6,78.0,89.3,6814.99,5.0,2.0,6.0,120.0,Female,urban,Basic,True,True,2025-05-15,0
795,36.0,109.0,109.92,12033.03,4.0,1.0,7.7,83.6,Other,South,Basic,False,True,2025-03-15,1
796,41.6,32.0,80.99,2513.52,6.0,2.0,5.6,108.1,Female,North,Basic,False,False,2025-12-15,0
797,36.3,89.0,115.18,10578.1,4.0,1.0,6.2,77.6,Male,West,Basic,False,False,2025-12-15,0
798,38.1,1.0,33.93,7.98,2.0,0.0,8.8,92.3,Female,South,Basic,False,False,2025-02-15,0
799,26.6,28.0,99.25,2748.04,2.0,3.0,6.6,48.0,Other,East,Standard,True,False,2025-11-15,1
800,31.2,3.0,67.75,-136.87,2.0,3.0,4.5,79.1,Other,Rural,Basic,False,False,2025-06-15,0
801,30.6,40.0,72.73,2906.78,3.0,0.0,7.3,80.9,Female,South,basic,True,False,2025-12-15,0
802,49.3,79.0,85.65,6628.26,6.0,2.0,8.3,98.3,Male,East,Standard,False,False,2025-07-15,1
803,37.4,35.0,81.86,2851.0,3.0,1.0,4.1,63.7,Male,South,Standard,False,False,2025-02-15,1
804,42.5,14.0,58.84,803.28,3.0,0.0,5.5,80.4,Female,Urban,Basic,False,True,2025-03-15,1
805,29.2,33.0,88.07,2720.48,6.0,3.0,4.3,82.0,Male,URBAN,Standard,True,False,2025-11-15,1
806,38.7,101.0,122.31,12217.68,1.0,2.0,6.2,98.9,Other,East,Basic,True,False,2025-01-15,1
807,44.1,15.0,87.87,1561.4,4.0,1.0,4.8,42.9,Other,East,Basic,True,False,2025-04-15,0
808,57.0,35.0,63.01,2007.22,2.0,3.0,8.4,85.9,Other,East,Premium,True,False,2025-11-15,0
809,36.7,68.0,64.32,4376.94,5.0,3.0,6.0,121.5,Male,Rural,Premium,True,False,2025-02-15,0
810,40.9,110.0,105.22,11688.9,3.0,3.0,6.5,120.5,Other,East,Standard,True,False,2025-12-15,0
811,46.9,20.0,66.38,1205.37,5.0,0.0,5.6,69.8,Female,URBAN,Basic,False,False,2025-06-15,0
812,37.0,54.0,71.2,3927.06,1.0,3.0,6.8,81.4,Other,East,Basic,False,False,2025-02-15,0
813,33.5,55.0,78.96,4282.1,7.0,2.0,6.8,94.3,Other,West,Standard,True,True,2025-12-15,0
814,26.2,65.0,114.35,7684.34,3.0,1.0,6.6,84.7,Other,urban,Standard,False,False,2025-01-15,1
815,32.0,1.0,91.5,-250.34,5.0,0.0,3.8,56.6,Other,urban,Basic,True,False,2025-09-15,0
816,47.4,13.0,79.53,1325.39,0.0,1.0,7.0,65.8,Female,West,Standard,False,False,2025-11-15,0
817,34.1,15.0,67.34,963.95,3.0,2.0,6.8,85.2,Male,North,Standard,False,False,2025-08-15,0
818,49.3,236.0,108.53,25855.41,5.0,3.0,4.7,150.0,Female,URBAN,Basic,True,False,2025-11-15,1
819,31.6,34.0,56.16,1610.58,3.0,0.0,7.0,45.0,Male,South,Standard,True,False,2025-06-15,0
820,40.8,14.0,70.15,723.31,5.0,3.0,5.4,26.3,Other,Urban,Basic,False,False,2025-07-15,1
821,39.8,4.0,48.67,6.52,2.0,3.0,7.7,67.9,Male,Urban,Standard,True,False,2025-08-15,0
822,34.8,2.0,44.1,-125.0,4.0,1.0,6.7,83.5,Male,South,Basic,False,False,2025-01-15,0
823,47.3,4.0,55.47,283.74,2.0,0.0,6.6,23.5,Male,urban,Basic,True,False,2025-07-15,0
824,56.2,12.0,90.58,956.73,0.0,0.0,7.1,45.8,Other,Suburban,Basic,False,False,2025-09-15,1
825,42.4,59.0,31.37,2238.95,2.0,0.0,4.6,97.6,Female,URBAN,Basic,True,False,2025-02-15,0
826,36.6,9.0,63.35,596.12,1.0,2.0,9.0,74.4,Male,Suburban,Standard,False,False,2025-05-15,0
827,42.6,20.0,94.65,2112.72,5.0,0.0,8.6,68.3,Other,South,Basic,True,False,2025-04-15,0
828,25.8,16.0,65.51,958.34,2.0,0.0,10.0,80.1,Female,East,Standard,True,False,2025-10-15,0
829,42.7,20.0,86.14,1837.26,5.0,1.0,6.6,58.5,Female,South,Basic,False,False,2025-12-15,0
830,28.8,31.0,77.75,2370.65,4.0,1.0,8.1,80.0,Male,West,Basic,False,False,2025-07-15,1
831,47.3,76.0,78.56,6046.92,7.0,1.0,8.5,86.5,Other,South,Standard,False,False,2025-01-15,1
832,35.3,3.0,76.78,239.47,3.0,3.0,7.8,70.1,Other,urban,Standard,False,False,2025-12-15,0
833,51.7,24.0,82.19,1859.28,3.0,0.0,6.1,78.6,Other,East,Basic,True,False,2025-03-15,0
834,59.7,2.0,51.21,101.97,1.0,1.0,5.6,68.3,Female,North,Basic,True,False,2025-09-15,0
835,60.2,50.0,66.2,3285.93,6.0,1.0,7.0,99.0,Other,Suburban,Standard,True,False,2025-05-15,0
836,44.1,9.0,78.96,853.67,3.0,0.0,7.0,56.5,Other,East,Basic,True,False,2025-05-15,0
837,25.6,56.0,72.67,11701.5,3.0,1.0,6.2,77.7,Male,South,Standard,False,False,2025-06-15,0
838,25.3,28.0,57.74,1793.44,4.0,7.0,5.2,46.5,Male,URBAN,Basic,True,False,2025-05-15,1
839,50.4,3.0,54.0,-35.52,0.0,1.0,6.5,83.8,Other,South,Standard,False,False,2025-06-15,0
840,28.3,17.0,74.99,957.74,5.0,2.0,5.8,83.3,Other,North,Standard,False,False,2025-03-15,0
841,38.5,53.0,76.47,4209.13,4.0,3.0,6.0,91.7,Male,Urban,Basic,False,False,2025-10-15,1
842,32.1,65.0,86.81,5929.55,0.0,2.0,3.9,134.3,Other,South,Basic,True,False,2025-01-15,1
843,43.3,75.0,116.82,8447.11,5.0,2.0,4.2,123.4,Male,North,Premium,False,False,2025-04-15,1
844,37.5,147.0,82.96,12108.82,4.0,1.0,8.6,148.0,Female,North,Standard,False,False,2025-03-15,0
845,27.7,29.0,72.36,2468.19,5.0,2.0,5.8,35.0,Male,East,Premium,True,True,2025-09-15,0
846,51.8,7.0,66.41,381.29,3.0,3.0,7.4,34.7,Male,URBAN,Basic,False,False,2025-07-15,0
847,28.9,5.0,54.61,343.16,5.0,1.0,7.3,73.9,Male,Urban,Basic,False,False,2025-10-15,0
848,49.8,51.0,70.85,3488.32,0.0,0.0,7.5,74.0,Other,Urban,Basic,True,False,2025-01-15,0
849,39.4,58.0,65.42,3928.53,5.0,2.0,6.1,95.7,Other,East,Basic,False,False,2025-01-15,0
850,22.3,11.0,86.88,1199.95,2.0,1.0,7.2,86.9,Female,URBAN,Basic,False,False,2025-05-15,1
851,65.9,1.0,62.59,-26.18,0.0,1.0,8.1,94.1,Other,urban,Basic,True,True,2025-08-15,1
852,27.0,17.0,66.63,1290.2,7.0,1.0,8.2,74.9,Female,North,Basic,False,False,2025-10-15,0
853,50.5,1.0,63.96,31.62,3.0,2.0,7.3,54.0,Male,urban,Standard,True,False,2025-08-15,1
854,52.0,34.0,97.9,2768.09,5.0,2.0,3.9,92.9,Female,,Standard,True,False,2025-04-15,1
855,52.2,13.0,49.16,562.86,3.0,1.0,4.0,86.5,Male,Suburban,Standard,True,False,2025-03-15,0
856,29.6,24.0,115.6,2642.4,5.0,1.0,8.9,70.4,Male,North,Premium,True,False,2025-04-15,1
857,19.6,34.0,84.28,2838.01,1.0,3.0,5.9,72.6,Other,Suburban,Basic,False,False,2025-01-15,0
858,42.3,57.0,111.77,6038.66,6.0,4.0,5.3,93.0,Other,Urban,Basic,False,False,2025-07-15,1
859,55.4,4.0,39.02,193.49,3.0,1.0,7.6,91.7,Other,urban,Basic,False,False,2025-04-15,0
860,20.0,52.0,67.24,3340.33,5.0,0.0,7.0,81.6,Male,URBAN,Standard,True,False,2025-03-15,0
861,45.8,24.0,68.76,1484.08,4.0,3.0,7.2,76.6,Male,urban,Basic,True,False,2025-09-15,0
862,46.5,34.0,60.62,1838.36,6.0,2.0,4.5,70.4,Female,URBAN,Standard,True,False,2025-08-15,0
863,24.2,56.0,88.92,4914.38,4.0,2.0,6.2,95.0,Other,South,Standard,True,True,2025-03-15,0
864,34.4,38.0,85.35,3012.46,1.0,2.0,7.0,69.1,Other,URBAN,Basic,True,True,2025-01-15,0
865,34.8,14.0,85.29,901.98,4.0,2.0,8.7,63.0,Male,URBAN,Standard,True,False,2025-04-15,1
866,27.1,63.0,89.33,5359.68,2.0,1.0,4.2,65.4,Female,urban,Basic,True,False,2025-07-15,0
867,41.8,26.0,69.17,1739.1,4.0,2.0,4.3,68.8,Female,Urban,Basic,False,False,2025-04-15,0
868,50.4,101.0,67.56,6990.71,4.0,3.0,3.8,114.6,Male,South,Premium,False,False,2025-10-15,1
869,36.8,128.0,102.73,13185.83,2.0,3.0,5.9,100.3,Male,South,Basic,False,False,2025-08-15,0
870,21.5,37.0,89.8,3354.16,6.0,3.0,5.3,64.5,Male,Rural,Basic,False,False,2025-09-15,0
871,34.7,1.0,63.89,86.75,3.0,2.0,5.5,78.7,Male,Urban,basic,True,False,2025-08-15,0
872,19.7,6.0,59.19,210.68,5.0,1.0,6.9,41.0,Male,urban,Standard,False,False,2025-02-15,0
873,28.0,41.0,53.75,1970.83,2.0,1.0,6.1,90.6,Female,East,Premium,True,False,2025-12-15,0
874,32.3,9.0,68.67,736.41,4.0,1.0,9.0,69.4,,North,Basic,False,False,2025-03-15,1
875,46.4,16.0,51.74,747.08,4.0,1.0,8.9,69.6,Female,South,Standard,True,False,2025-07-15,0
876,62.8,2.0,43.18,517.3199999999999,5.0,1.0,6.4,61.7,Female,Suburban,Basic,True,False,2025-05-15,0
877,46.5,1.0,48.31,-121.15,2.0,3.0,7.0,58.4,Female,East,Basic,True,False,2025-08-15,1
878,59.4,37.0,96.33,3555.74,6.0,1.0,8.4,110.1,Male,Suburban,Standard,True,False,2025-02-15,0
879,42.6,54.0,100.16,5569.58,2.0,3.0,6.3,74.0,Male,Rural,Basic,True,False,2025-02-15,0
880,19.4,1.0,91.14,-357.31,5.0,0.0,8.0,71.5,Male,North,Basic,True,False,2025-03-15,0
881,47.5,36.0,84.34,2783.76,0.0,0.0,9.6,36.8,Female,West,Premium,False,False,2025-11-15,0
882,18.0,61.0,69.92,4704.29,1.0,3.0,6.8,85.4,Female,South,Standard,False,True,2025-02-15,1
883,44.7,47.0,58.71,2632.78,1.0,0.0,8.0,78.8,Male,North,basic,False,False,2025-11-15,0
884,61.3,8.0,77.75,791.09,5.0,2.0,8.1,79.0,Male,Rural,Premium,False,False,2025-06-15,0
885,34.7,42.0,68.33,2831.66,5.0,1.0,4.0,73.3,Female,South,Basic,True,False,2025-01-15,1
886,57.2,11.0,76.03,1164.77,5.0,2.0,7.1,78.4,Female,East,Premium,True,True,2025-12-15,1
887,42.1,1.0,53.18,292.62,1.0,0.0,8.2,77.3,Female,URBAN,Standard,True,False,2025-11-15,0
888,24.2,26.0,65.88,1756.29,4.0,1.0,9.5,43.0,Male,URBAN,Basic,False,False,2025-03-15,0
889,49.2,5.0,100.55,495.45,2.0,1.0,5.6,71.2,Male,urban,Basic,False,True,2025-01-15,0
890,18.0,6.0,61.3,464.01,1.0,1.0,8.0,83.0,Female,West,Standard,True,False,2025-07-15,0
891,45.4,60.0,86.19,5224.0,6.0,1.0,8.3,60.5,Male,Suburban,Standard,True,False,2025-05-15,0
892,45.7,92.0,59.61,5643.84,5.0,2.0,6.0,114.7,Male,URBAN,Basic,True,False,2025-11-15,0
893,36.5,5.0,69.42,544.68,4.0,2.0,5.1,53.6,Other,Suburban,Basic,False,False,2025-01-15,0
894,43.3,35.0,108.34,3757.4,5.0,3.0,5.2,32.3,Female,URBAN,Standard,True,True,2025-08-15,0
895,38.6,41.0,,4573.11,1.0,1.0,6.7,87.2,Female,Suburban,Standard,True,False,2025-10-15,1
896,46.8,62.0,80.25,5382.94,3.0,2.0,6.0,93.5,Female,Suburban,Basic,False,False,2025-03-15,1
897,37.4,32.0,35.9,1288.67,0.0,0.0,7.2,72.6,Male,North,Basic,False,False,2025-01-15,0
898,42.0,5.0,48.01,369.32,3.0,0.0,5.7,57.0,Female,urban,Basic,True,True,2025-09-15,0
899,19.7,38.0,63.59,2380.52,5.0,1.0,7.0,101.4,Male,Urban,Standard,True,True,2025-03-15,0
900,42.1,77.0,83.69,6450.81,2.0,0.0,8.5,93.8,Male,South,Basic,True,False,2025-05-15,0
901,46.0,22.0,295.92,2038.48,2.0,2.0,8.7,73.3,Other,Suburban,Premium,True,True,2025-01-15,0
902,54.9,76.0,104.5,7809.62,4.0,4.0,6.8,82.9,Female,West,Standard,False,False,2025-06-15,1
903,24.7,110.0,70.34,7865.66,6.0,1.0,6.6,119.1,Other,East,Basic,True,False,2025-06-15,0
904,36.0,1.0,81.51,372.46,7.0,6.0,5.2,84.4,Male,Urban,Premium,True,False,2025-12-15,1
905,53.1,8.0,71.98,709.73,3.0,1.0,8.0,9.2,Other,Urban,Premium,False,False,2025-03-15,0
906,41.7,14.0,99.44,1647.1,6.0,1.0,5.9,50.6,Female,West,Premium,True,False,2025-09-15,1
907,30.2,13.0,90.41,877.26,4.0,1.0,8.4,62.8,Male,urban,Basic,False,False,2025-02-15,0
908,36.4,227.0,130.53,29533.63,6.0,0.0,6.4,143.5,Male,North,Basic,False,False,2025-01-15,0
909,49.6,60.0,82.12,4863.79,4.0,0.0,7.8,74.6,Female,Suburban,Standard,True,False,2025-10-15,0
910,37.3,85.0,99.32,8354.81,4.0,2.0,6.0,85.1,Female,West,Premium,False,False,2025-12-15,0
911,34.9,131.0,93.71,12328.23,1.0,2.0,6.6,133.3,Female,East,Premium,False,False,2025-01-15,0
912,40.7,72.0,91.46,6609.73,4.0,1.0,5.8,81.0,Other,North,Basic,True,False,2025-03-15,0
913,45.1,21.0,113.96,2610.37,5.0,4.0,4.2,80.1,Female,South,Premium,False,False,2025-02-15,1
914,38.1,243.0,132.88,32182.34,5.0,2.0,5.5,150.0,Other,Urban,Standard,False,False,2025-07-15,1
915,39.2,33.0,,2896.87,8.0,4.0,6.7,77.7,Female,South,Basic,False,False,2025-03-15,0
916,30.7,23.0,63.95,1270.64,5.0,0.0,7.3,70.2,Female,East,Standard,False,False,2025-11-15,0
917,27.4,4.0,61.65,156.43,0.0,0.0,5.6,49.3,Male,Rural,Standard,False,False,2025-12-15,0
918,49.4,125.0,90.69,11234.51,3.0,1.0,9.7,91.7,Other,Suburban,Standard,True,False,2025-06-15,0
919,,2.0,72.85,-43.27,4.0,0.0,7.4,36.1,Male,West,Standard,False,False,2025-07-15,0
920,45.1,19.0,50.16,798.13,2.0,0.0,7.1,70.4,Female,urban,Standard,False,False,2025-03-15,0
921,37.9,88.0,84.67,7474.42,1.0,2.0,5.9,101.3,Other,East,Standard,True,True,2025-10-15,0
922,43.8,20.0,112.24,2462.7,4.0,1.0,6.0,100.0,Other,URBAN,Premium,True,False,2025-01-15,1
923,40.2,68.0,168.66,3738.33,5.0,0.0,9.5,133.8,Other,East,Standard,False,False,2025-04-15,0
924,27.2,1.0,59.65,643.05,4.0,5.0,6.1,77.8,Male,South,Premium,True,True,2025-06-15,0
925,39.5,13.0,62.56,1003.89,4.0,1.0,6.5,85.0,Female,South,Basic,True,False,2025-03-15,0
926,36.2,1.0,59.37,307.86,2.0,0.0,7.7,64.4,Other,South,Premium,True,False,2025-11-15,0
927,52.7,40.0,96.88,3677.46,3.0,3.0,4.2,60.2,Female,Urban,Basic,True,False,2025-04-15,1
928,36.5,7.0,69.45,322.28,6.0,4.0,5.5,67.4,Female,West,Standard,True,True,2025-05-15,1
929,28.1,27.0,98.46,2515.08,7.0,2.0,4.4,85.7,Male,South,Standard,False,False,2025-07-15,0
930,20.7,9.0,57.09,312.23,3.0,1.0,5.1,50.8,Male,Rural,Standard,False,False,2025-07-15,0
931,40.4,8.0,53.52,677.65,3.0,3.0,6.1,79.3,Female,Rural,Premium,,False,2025-09-15,1
932,40.0,3.0,116.2,329.57,2.0,3.0,3.8,103.8,Female,URBAN,Basic,False,True,2025-10-15,1
933,27.7,116.0,69.16,7909.55,1.0,2.0,7.3,126.6,Male,West,Basic,True,False,2025-01-15,0
934,53.2,30.0,52.56,1869.31,0.0,0.0,7.1,18.8,Female,urban,Basic,False,False,2025-02-15,0
935,27.5,17.0,56.03,693.04,0.0,0.0,5.4,76.4,Female,South,Basic,False,False,2025-03-15,0
936,34.7,1.0,82.43,-73.73,8.0,5.0,6.2,46.0,Male,South,Standard,,False,2025-06-15,1
937,25.5,35.0,85.24,2755.81,2.0,1.0,7.0,51.7,Female,Rural,Standard,True,True,2025-11-15,1
938,34.2,11.0,27.85,1682.4900000000002,0.0,1.0,5.5,64.0,Female,East,Standard,False,False,2025-03-15,0
939,46.0,73.0,102.29,7350.51,6.0,2.0,6.7,59.4,Male,North,Basic,True,False,2025-04-15,0
940,46.0,20.0,81.88,1914.15,2.0,2.0,6.0,87.7,Other,URBAN,Standard,False,False,2025-12-15,1
941,45.5,80.0,113.06,8985.47,2.0,1.0,6.0,77.8,Female,Suburban,Basic,False,False,2025-05-15,0
942,54.6,9.0,73.92,428.97,3.0,1.0,6.2,23.4,Female,West,Basic,True,True,2025-10-15,0
943,52.8,42.0,74.24,3143.02,3.0,3.0,7.8,77.1,Male,Suburban,Premium,True,False,2025-01-15,0
944,29.8,94.0,117.89,11033.01,3.0,1.0,5.2,116.3,Male,Urban,Basic,True,True,2025-05-15,0
945,56.9,14.0,77.7,1059.63,9.0,3.0,3.7,115.6,Male,Rural,Basic,False,False,2025-04-15,1
946,22.3,4.0,60.59,278.94,5.0,3.0,3.6,32.1,Male,East,Standard,True,False,2025-08-15,1
947,54.5,64.0,72.69,4592.1,0.0,1.0,6.3,98.6,Female,South,Basic,False,False,2025-08-15,0
948,46.3,60.0,40.31,2544.91,1.0,1.0,6.2,93.8,Female,Rural,Premium,True,True,2025-02-15,0
949,54.1,18.0,115.92,1793.84,4.0,3.0,9.9,104.6,Female,Suburban,Basic,False,False,2025-07-15,0
950,40.3,6.0,72.63,374.55,3.0,2.0,5.7,33.4,Male,Urban,Basic,False,False,2025-05-15,1
951,55.8,10.0,29.44,190.8,1.0,1.0,9.0,45.0,Male,Rural,Standard,True,False,2025-05-15,0
952,36.1,5.0,85.64,763.83,3.0,0.0,6.5,61.5,Other,North,Basic,True,False,2025-11-15,0
953,43.9,21.0,96.19,2004.47,0.0,0.0,6.8,68.1,Female,South,Basic,True,False,2025-09-15,0
954,45.5,21.0,86.83,2134.77,6.0,3.0,8.0,102.1,Other,URBAN,basic,False,False,2025-04-15,0
955,33.7,9.0,109.85,1066.6,4.0,1.0,5.6,80.7,Female,Suburban,Basic,False,False,2025-09-15,1
956,38.1,12.0,93.07,1065.12,3.0,3.0,3.2,56.3,Other,URBAN,basic,False,False,2025-08-15,1
957,57.7,7.0,72.65,566.59,3.0,2.0,7.0,41.9,Male,West,Standard,True,False,2025-07-15,0
958,34.5,105.0,84.22,9042.84,5.0,2.0,4.0,119.9,Other,North,Standard,False,False,2025-10-15,0
959,44.9,4.0,60.81,132.68,2.0,2.0,6.3,45.0,Female,East,Basic,False,False,2025-03-15,1
960,33.4,14.0,60.91,901.63,3.0,2.0,5.8,62.9,Male,East,basic,False,False,2025-03-15,1
961,53.9,8.0,89.63,676.07,3.0,1.0,7.2,37.7,Other,North,Basic,True,False,2025-07-15,1
962,36.2,23.0,74.14,1695.22,6.0,0.0,9.2,81.9,Other,West,basic,True,False,2025-03-15,0
963,48.3,76.0,97.39,7373.97,5.0,4.0,3.8,80.3,Other,urban,Basic,True,False,2025-02-15,1
964,42.4,42.0,71.49,2834.98,2.0,5.0,5.5,91.5,Female,South,Basic,False,True,2025-09-15,1
965,28.8,4.0,50.31,15.94,2.0,1.0,6.6,27.9,Other,Urban,Premium,False,True,2025-08-15,1
966,58.6,9.0,39.53,195.74,2.0,0.0,3.4,49.8,Other,North,Standard,True,False,2025-10-15,0
967,59.5,118.0,66.37,7803.43,6.0,1.0,4.0,121.0,Male,Suburban,Standard,True,False,2025-07-15,0
968,35.1,27.0,112.42,3084.87,4.0,0.0,8.0,65.5,Other,East,Basic,True,False,2025-10-15,0
969,19.9,12.0,56.28,812.94,2.0,3.0,5.0,110.7,Other,South,Premium,False,False,2025-02-15,0
970,37.1,2.0,89.26,-252.2,4.0,3.0,5.0,66.8,Female,urban,Premium,True,False,2025-07-15,0
971,53.1,65.0,98.12,6453.37,4.0,3.0,7.2,80.7,Female,urban,Basic,False,False,2025-10-15,0
972,48.3,1.0,66.18,-15.03,4.0,1.0,8.1,64.4,Female,Rural,Basic,True,False,2025-07-15,0
973,43.4,21.0,77.4,1506.4,3.0,1.0,7.2,94.1,Other,East,Standard,True,False,2025-12-15,1
974,40.6,7.0,75.6,751.35,5.0,2.0,5.7,58.2,Female,URBAN,Basic,True,False,2025-12-15,0
975,38.4,27.0,59.87,1524.98,3.0,2.0,7.2,41.0,Female,West,Basic,False,True,2025-05-15,0
976,22.7,28.0,77.59,2245.59,4.0,1.0,4.2,93.8,Female,Urban,Basic,True,False,2025-05-15,1
977,34.2,12.0,,1010.7,5.0,0.0,6.0,58.8,Other,urban,Premium,True,True,2025-11-15,0
978,33.9,71.0,61.54,4530.76,3.0,1.0,6.4,97.6,Male,South,basic,True,False,2025-03-15,0
979,57.3,25.0,41.55,996.82,3.0,2.0,5.5,88.8,Female,urban,basic,True,False,2025-06-15,0
980,55.7,1.0,44.94,299.15,2.0,1.0,8.9,68.7,Other,urban,Standard,True,False,2025-11-15,0
371,53.2,94.0,57.49,5405.96,4.0,1.0,4.2,119.1,Female,URBAN,Basic,True,False,2025-01-15,0
693,23.9,87.0,81.0,6937.46,2.0,1.0,7.4,77.0,Female,South,Basic,True,True,2025-09-15,0
404,41.6,48.0,77.31,3690.58,3.0,2.0,5.0,101.5,Other,urban,Standard,False,True,2025-06-15,1
679,41.2,1.0,28.85,217.91,1.0,1.0,5.2,39.3,Other,South,Basic,True,False,2025-04-15,0
967,59.5,118.0,66.37,7803.43,6.0,1.0,4.0,121.0,Male,Suburban,Standard,True,False,2025-07-15,0
176,47.1,35.0,20.0,1091.41,2.0,2.0,4.9,49.9,Female,Urban,Standard,False,False,2025-12-15,0
728,47.2,80.0,77.8,6161.21,3.0,6.0,8.5,101.6,Female,West,Basic,True,False,2025-08-15,1
121,41.9,60.0,82.06,4616.8,5.0,3.0,5.9,109.8,Female,Suburban,Premium,True,False,2025-05-15,0
105,59.7,34.0,97.0,2848.06,3.0,3.0,4.4,46.3,Male,urban,Premium,True,False,2025-04-15,1
606,58.5,63.0,114.05,6856.97,3.0,1.0,3.6,56.3,Other,URBAN,Basic,True,False,2025-11-15,1
389,29.2,96.0,69.92,6864.6,4.0,2.0,7.1,129.4,Other,Suburban,Basic,False,True,2025-09-15,0
734,71.2,69.0,101.16,6915.7,5.0,2.0,6.4,81.5,Male,Urban,Basic,True,False,2025-12-15,0
633,18.0,29.0,82.88,2029.41,2.0,2.0,9.0,67.2,Female,South,Premium,True,False,2025-02-15,0
438,56.0,87.0,50.18,4111.21,3.0,3.0,8.6,109.6,Female,West,Standard,False,False,2025-07-15,0
7,39.1,4.0,90.87,558.08,5.0,3.0,5.5,60.8,Male,urban,Premium,True,True,2025-03-15,1
239,25.6,1.0,84.04,208.45,6.0,1.0,7.3,82.3,Other,Rural,Basic,False,False,2025-10-15,0
932,40.0,3.0,116.2,329.57,2.0,3.0,3.8,103.8,Female,URBAN,Basic,False,True,2025-10-15,1
134,21.7,56.0,106.45,5997.52,2.0,2.0,8.7,128.1,Male,Rural,Basic,False,False,2025-02-15,0
796,41.6,32.0,80.99,2513.52,6.0,2.0,5.6,108.1,Female,North,Basic,False,False,2025-12-15,0
143,27.8,70.0,85.23,5907.24,4.0,2.0,4.8,36.6,Other,urban,Basic,True,False,2025-02-15,0
