,Study_Hours,Previous_Scores,Sleep_Hours,Extracurricular_Activities,Internet_Access,Student_Motivation_Level,Marks
0,5.993428306022466,90.99033154879004,5.987232587538427,No,Yes,High,97.29401150924676
1,4.72347139765763,83.86950524369153,6.783221993926723,No,Yes,High,80.92501048040845
2,6.295377076201385,70.89445554880261,5.811370118500058,No,No,Medium,75.70782509677085
3,8.046059712816051,60.295948334416394,6.53805770554144,No,Yes,Medium,73.77142273286346
4,4.531693250553328,80.47334970420386,4.159577999569322,Yes,Yes,Medium,68.26060271394114
5,4.531726086101639,75.90228078132624,7.319940561059408,Yes,Yes,Medium,70.25866232689849
6,8.158425631014783,83.42789830041599,7.001808213043336,Yes,No,High,100.0
7,6.534869458305818,79.52757702522955,5.7743670533977145,No,Yes,High,86.67906447520292
8,4.061051228130096,85.74329072979003,7.988868502648607,Yes,Yes,Medium,82.68104071511871
9,,61.97147182659148,8.406355206439837,No,No,Medium,67.35429750862161
10,,89.76091098451488,4.588660203446539,Yes,Yes,High,72.72625635499482
11,4.068540492859486,72.963994070386,5.855912832150679,No,No,High,76.25292353387293
12,5.483924543132068,101.12891308937898,5.846286475319053,Yes,nan,Medium,93.6915313210796
13,1.1734395106844042,59.66218272865648,5.590145348336703,Yes,Yes,Medium,51.08371718698412
14,1.5501643349739345,96.03945704747875,8.244212262897623,No,Yes,Medium,77.71273453959984
15,3.8754249415180544,72.96866175193972,6.709260791840794,Yes,Yes,High,80.15384509368914
16,2.9743377593311524,60.22872994578327,6.603227738034084,No,Yes,Low,60.31754585783747
17,5.628494665190548,62.741712489185176,3.99420645338987,Yes,Yes,Medium,71.83897899530825
18,,65.1947903770852,7.95312704531384,Yes,Yes,Medium,67.43191555688483
19,2.175392597329417,76.36248919602875,5.141112407719791,No,No,Medium,76.10039435163047
20,7.931297537843108,77.8425323205325,7.089898945399493,No,Yes,Medium,82.6232024929445
21,4.548447399026928,61.394499940921314,7.416065406937287,Yes,Yes,nan,73.48065682835062
22,5.1350564093758475,69.63468111608526,9.040987893757976,Yes,No,Low,78.20026862894821
23,2.1505036275730864,102.13405537917795,5.036769401321331,Yes,nan,Medium,79.62227592617437
24,3.9112345509496347,95.91314755151066,2.470731766268762,Yes,Yes,Low,75.23514460457757
25,5.2218451794197325,76.54485504511048,7.2757743171305425,Yes,nan,Low,80.25683485620841
26,2.6980128451553944,70.570052172523,9.700766772266281,Yes,Yes,Medium,72.6240569135078
27,5.751396036691344,71.80046990077392,8.858419529409156,No,No,Medium,97.9761715560082
28,3.79872262016239,79.20276959095625,7.314489122911938,No,Yes,Medium,79.51320448071355
29,4.416612500413446,54.658111522023916,6.262545721551929,No,Yes,Medium,60.47853888858224
30,3.796586775541206,66.13935193864982,8.210683894955965,Yes,Yes,Low,67.88833872309398
31,8.704556369017876,44.97123889183616,5.539680700443297,Yes,Yes,Medium,76.03666940511121
32,4.973005550524132,75.98834683907918,7.714536654034329,Yes,Yes,High,70.6519265185893
33,2.8845781420881993,79.70793909554112,7.75820523874994,No,Yes,High,70.4939665151602
34,6.645089824206378,62.75220306550939,8.59031486124832,No,Yes,Medium,85.2515289842901
35,2.5583127000579555,93.6098014493505,11.139490058366617,Yes,No,Medium,75.31353534959202
36,5.4177271900095105,51.61351505496488,7.5886239507681506,Yes,Yes,High,74.53529187869998
37,1.0806597522404489,48.0343767968527,6.236554561438751,No,Yes,Low,48.80289686265656
38,2.343627902203139,73.36677727839958,6.961638531712008,No,Yes,High,61.912513827313134
39,5.393722471738247,85.70647453918232,4.346386142666322,No,Yes,High,81.63300357692361
40,6.476933159990821,95.25891537186803,5.957930303366412,Yes,No,Low,100.0
41,5.342736562379941,63.1167360569659,6.386076342830344,Yes,No,Low,76.93171323811842
42,4.768703435223519,86.18021250146944,6.213867403098111,Yes,Yes,High,82.04983086744903
43,4.3977926088214225,69.42237295748939,7.228532308050583,No,Yes,Medium,71.98707540329687
44,2.0429560192651453,67.41059050088771,5.766370101426699,No,Yes,Low,60.201286811107344
45,3.5603115832105825,83.25489906230008,8.681546000986707,Yes,Yes,Medium,75.50788906707021
46,4.078722458080425,79.78484317620129,7.000310597377296,Yes,No,Medium,66.12329783772026
47,7.114244452437831,46.35411764523626,6.986049518292078,No,Yes,Medium,83.78530783321253
48,5.687236579136923,92.14810524588844,6.508157925230623,Yes,Yes,High,90.25303173533413
49,1.473919689274532,90.70137031221176,7.232786025788469,No,Yes,nan,72.65340331440012
50,5.64816793878959,60.61655947735706,8.237647397001453,No,Yes,Medium,75.32067359024887
51,4.229835439167367,75.93705300156114,5.699304676433649,Yes,nan,Medium,70.16636758513116
52,3.6461559993880828,77.41045279424108,6.012825266387115,No,Yes,Medium,71.3986963092876
53,6.2233525776817356,73.9101064873586,6.544410956835003,Yes,Yes,Medium,74.81645918047755
54,7.061999044991902,61.7454226923187,4.981193614790177,No,Yes,Low,90.01457187663765
55,6.862560238232398,59.92564948092922,5.771113210417753,No,Yes,High,71.59712167289972
56,3.3215649535547227,69.61668893512832,6.285668689683011,Yes,Yes,High,62.138357766944125
57,4.381575248297571,87.59093528889048,8.311583771069092,No,Yes,Medium,81.28516076513523
58,5.662526862807128,78.15400231891648,7.393841993502887,Yes,Yes,Medium,89.87136105855568
59,6.951090254244718,64.44078501870841,7.2903848670513165,Yes,Yes,Medium,82.32130549023029
60,4.04165152430942,81.57548065972517,8.276346943251959,No,Yes,Medium,72.72610954100502
61,4.628682046672366,27.27186069054887,6.793942317400905,Yes,Yes,Medium,58.88942213996786
62,2.7873300519879436,87.23148550558156,7.5856972748933345,Yes,Yes,Medium,78.91656785053593
63,2.6075867518386584,43.904293318328506,6.8451673706012555,Yes,Yes,nan,54.59266267324199
64,6.625051644788396,64.56338587895301,7.398043524099442,Yes,Yes,Medium,84.55074877579783
65,7.712480057141645,53.20495158060784,6.125862013582627,Yes,Yes,Medium,90.63147996665273
66,4.855979756839332,50.57977786418641,3.341774262585356,Yes,Yes,High,72.0774014281532
67,7.007065795784048,87.41240181067779,6.798581256720544,No,Yes,Low,89.96271777941529
68,5.723272050095268,62.98448198032163,9.13412220414991,Yes,Yes,Medium,86.32733682462518
69,3.7097604907897512,75.19755822596073,8.389323103362388,No,Yes,Medium,76.27572999436362
70,5.722791211016828,69.29619131681224,8.448096226886756,No,Yes,Medium,83.0338506609347
71,8.076073132931938,77.15561240834683,8.854196082709327,Yes,Yes,High,87.08381644340167
72,4.928347921780097,71.15232836590383,7.132986386442156,No,Yes,Medium,75.46138466775197
73,8.129287311628012,50.755116637171454,7.295973561108394,No,Yes,High,76.65040154255902
74,-0.23949020817948874,84.94400229170711,6.073522156848474,Yes,Yes,Medium,62.82281587173056
75,6.643805008750448,62.593651252580315,6.5258907159594255,Yes,No,Medium,84.38041952683251
76,5.174094136476342,46.651271520103734,7.923656724656713,Yes,Yes,High,55.745015688701905
77,4.401985299068265,63.578272585511314,8.805826655753224,No,Yes,Medium,72.05488780544536
78,5.183521553071005,92.51139685951466,6.790830586478501,No,Yes,Medium,93.3398496463223
79,1.0248621707982144,82.7533261317024,6.324716102722883,Yes,Yes,Medium,62.6448073461434
80,4.560656224324976,64.7702179838821,7.0007919382848955,Yes,Yes,Medium,74.95433055235713
81,5.7142251430234925,64.76113443522357,7.901810123393672,No,Yes,Low,79.33257984742532
82,7.955788089483033,65.17547423173926,4.834217775799687,No,No,Medium,85.89814600926604
83,3.9634595634527052,101.15121975341262,3.555728570294143,No,Yes,Medium,81.32147730625496
84,3.3830127942136246,75.7290317834733,6.174194725762625,No,nan,Medium,64.41420311593455
85,3.996485912830927,76.45062470786604,5.168931361128762,Yes,Yes,High,66.80456585790157
86,6.830804235404148,85.45425181047763,6.2377897035290335,No,Yes,Medium,94.4978551810689
87,5.657502219319369,73.5818373853977,6.778329521773792,No,Yes,High,80.48096538335899
88,3.9404795924659224,66.11436781268945,6.3201273864654794,No,Yes,Low,67.68093371316382
89,6.026534866226712,67.05475226372532,9.178701301706118,No,Yes,Medium,79.54177438031844
90,5.194155098696081,68.92598110878905,7.49011714690348,Yes,Yes,High,75.29888484740731
91,6.937289981065779,69.44166645235238,7.450711539416242,Yes,Yes,Medium,90.11405096071238
92,3.5958938122452953,80.9144431545547,7.933310716065103,No,No,High,74.48249618231918
93,4.3446757068044635,70.77918828710949,5.291750323328847,No,No,Medium,64.58541164566161
94,4.215783693735685,80.98960115823368,8.558667681130403,Yes,Yes,Low,83.45448729598476
95,2.072970103735763,68.78925129837127,6.88635357019681,Yes,Yes,Medium,60.96223208090915
96,5.592240554129152,71.17952785474137,8.00572092586182,No,Yes,Medium,80.51869085964992
97,5.522110544359778,40.026989732018386,5.3922141504397665,No,Yes,High,69.37154082815346
98,5.010226913284922,83.74491512053723,4.669361850975903,Yes,Yes,Medium,79.9189101044693
99,4.530825733249706,75.19732713846989,8.226834487037543,Yes,Yes,High,79.3054991188973
100,2.1692585158991715,84.97015164789478,7.564614289146275,Yes,Yes,High,65.42965883597756
101,4.158709354469282,26.556169327094658,5.646922668463734,Yes,Yes,Medium,47.67023669906078
102,4.314570966946461,101.32562057171091,5.695505378087958,Yes,nan,Medium,89.9606163168631
103,3.395445461556762,67.9061555776724,8.688152176622154,Yes,Yes,High,61.881496308582
104,4.677428576667982,86.62274225106275,5.2158821606990085,No,No,High,81.62308377895465
105,5.8081017136290765,54.401411093117034,9.464009429883944,Yes,Yes,Medium,75.19792993697413
106,8.77237180242106,79.19160857593855,5.649068898028197,Yes,Yes,Medium,96.05679735443508
107,5.349155625663678,54.198766552395156,7.957587888412575,Yes,Yes,Medium,75.90548355107043
108,5.515100781445529,60.64346558956292,6.507072286376523,Yes,Yes,Medium,74.62036562918077
109,4.851108168467666,98.71047030800179,7.904781146623515,No,Yes,Medium,98.06131877983583
110,1.162457569401917,67.1397639885498,6.183828996828711,No,Yes,High,51.2535882748078
111,4.946972249101567,73.26149309769585,6.755810640891559,Yes,Yes,Low,77.67871727496657
112,5.120460419882053,83.05101596033131,7.061378763093582,No,Yes,Low,83.46356831729693
113,9.926484224970572,77.43522831958907,5.496718816327791,No,Yes,Medium,94.63658328298007
114,4.615278070437755,72.25628357715365,8.11123651813019,No,Yes,Medium,81.41185193775968
115,5.603094684667225,75.47441503699338,6.230179650292622,No,Yes,Medium,92.05071570911444
116,4.9305764605895135,106.05123377857413,6.657100126989972,No,Yes,Medium,93.11670074190869
117,2.662643924760936,69.13571804449622,5.508475938087232,No,Yes,Medium,65.68503325074583
118,7.285645629030041,73.01648570072452,3.1564995118070343,Yes,Yes,Low,83.50403997424253
119,6.503866065373549,85.75981594011418,6.713458356099746,Yes,nan,Medium,86.63553194202188
120,6.582063894086094,86.58288899436975,10.618923132419374,Yes,Yes,High,86.54963839046546
121,3.181225090410522,87.8054545834057,8.176906431847035,Yes,Yes,Medium,74.50166050128982
122,7.805588621872198,79.58095333043777,6.971109430398408,Yes,Yes,Medium,86.32116487536321
123,2.1962978744154382,52.854926309042746,6.605663756187599,No,Yes,Medium,62.75811048711155
124,6.173714187600541,94.50147298451644,7.0336988392180695,Yes,Yes,nan,92.89734047390613
125,9.380911251619956,52.804819104719684,7.820678672762815,Yes,Yes,Medium,86.27172794672916
126,3.0189273497386235,74.5395319785855,5.228780777036732,No,Yes,Medium,71.57524511949967
127,3.867404540794456,58.68586224970963,8.671482542003307,No,Yes,High,61.54327509455439
128,5.199302730175282,69.0379248011051,8.073071973161866,Yes,Yes,Medium,73.7691908641128
129,3.9930486917676014,74.9314361545522,8.077278588561901,No,Yes,Low,75.46753284274769
130,1.8986731378677346,74.8203582317541,7.657713608214591,No,Yes,Medium,70.28730952325678
131,5.137125949612055,76.32881131352927,7.029424986540985,No,No,Low,82.225207639712
132,2.8753925725477902,94.20566903587971,8.00929185395023,No,Yes,Medium,80.89487703172459
133,5.9471848612703635,76.8030145227097,7.887721200612067,Yes,Yes,High,85.01969325398606
134,3.1611515315323935,66.33765047064027,6.468938933588464,No,Yes,Medium,67.15791312515594
135,8.09986881003508,84.46130752432536,6.139597340654649,Yes,Yes,High,97.0558447417524
136,3.4334934153275256,87.8420573338696,7.15278444289298,Yes,nan,Low,72.80522899349556
137,4.355876967588649,51.58588277294511,9.323530227242781,No,Yes,High,66.81302012147857
138,6.62703443473934,78.96100104774787,5.141339386519149,No,No,Medium,80.10331944943519
139,2.5382713671320896,80.51759113466348,4.79871210137134,No,No,Medium,67.84488395557587
140,5.4549198692082586,65.53654744960012,7.247141261854775,Yes,Yes,Low,73.60874294302175
141,7.614285508564857,90.6356021996743,7.076331552784027,No,Yes,High,100.0
142,1.785033530877545,67.7491661945121,7.260012496555612,No,Yes,Low,60.41977706331318
143,5.369267717064608,71.88364680207313,7.36592979686275,No,nan,Low,71.92144605275466
144,5.519765588496847,67.40392263574195,6.665196618047792,No,Yes,Medium,75.8682413543795
145,6.563645743554621,70.23368571372201,9.234795157903124,No,Yes,Medium,88.33179662052999
146,2.526098578243836,53.55587369657197,4.598644032285227,Yes,Yes,Medium,62.03057301988814
147,2.3590867738314474,48.39923676108559,5.757254462829631,No,Yes,Low,48.776952218486265
148,6.0438831312337955,93.91757594837458,6.845117859776429,No,Yes,Medium,84.45826362635289
149,5.5939693464663724,57.29557977522508,4.5352167832687496,No,Yes,Medium,73.34709714378863
150,5.5009857006917535,55.129114758155396,6.736218393351893,Yes,No,Medium,63.49946157471461
151,5.692896418993952,37.699148295944276,9.492205248592027,No,No,Medium,63.67747712421792
152,3.6399505568430186,60.41557378465747,7.031329732443942,Yes,No,High,63.73705764950008
153,5.464507394322007,50.153653098887524,7.346051358578025,Yes,Yes,Medium,68.1342041876859
154,5.586144946597362,94.63022740204553,5.1097528522411295,No,Yes,Medium,92.03029166877194
155,3.571297163947264,85.1472563401395,6.075457887940784,No,Yes,Medium,72.51684346192944
156,8.731549022289514,59.67774482233414,6.437205429514094,No,Yes,High,85.48684326605299
157,5.947665841823575,103.78653708016463,6.523427354865649,Yes,Yes,High,96.41452588938024
158,2.617393005594703,84.72648230487391,8.922465692505654,Yes,Yes,High,75.59645829621384
159,6.313107217267659,65.12752924737066,7.836536591087687,Yes,Yes,Medium,80.86572688423463
160,3.050636659545357,32.508914276896405,5.332813064594452,Yes,nan,Low,48.56172666002855
161,6.574169207484904,104.36413858886112,7.369757167648007,Yes,Yes,Medium,100.0
162,7.317191158014808,49.15641299854606,7.747332622745178,Yes,Yes,Medium,78.76553643588872
163,3.358635363296579,45.31901879564663,8.7102235577819,No,Yes,Medium,60.493564419542295
164,6.926752258488643,85.3385564801446,9.370811029852561,No,Yes,High,87.17352080536187
165,,106.59628609508908,5.477358712258197,Yes,Yes,High,96.33714034051125
166,6.64412031998898,90.76409227765777,5.783713733184493,No,No,High,94.61858179860873
167,8.793585965307894,78.4586368007854,5.113633211628075,No,No,Medium,98.58152107108417
168,4.509223767994259,78.92131512497929,6.6489702113395275,Yes,No,Medium,74.26917490090229
169,3.492527671285021,82.80123338170462,7.699537561669501,Yes,nan,Medium,73.06123991119509
170,3.2209711407489534,81.38392884680148,8.481001774883653,No,Yes,Low,72.49303331021343
171,3.3683794300691234,74.21787135954064,6.886073464536216,Yes,Yes,High,73.21200077198155
172,4.845796581171792,71.56301655927814,6.520228715117734,Yes,Yes,Low,80.58127262767445
173,5.682303949633288,69.06110308150717,7.227636988373111,No,Yes,Medium,76.7367831636931
174,5.553381598660038,58.690531166999854,5.747285647554966,Yes,Yes,Medium,75.77203712267129
175,6.654366498072047,65.78987384699839,10.13430808254216,No,Yes,Medium,85.61815490969695
176,5.026003783755814,44.605647787069216,4.588508459322912,No,Yes,High,59.80462218581109
177,7.907068154314634,68.52490559807875,7.277110868343587,No,Yes,Medium,87.51987138637769
178,4.470686333524088,55.17113339273624,10.035409328844459,No,Yes,High,73.47920321485064
179,10.440338333179238,53.44616024176344,7.010199766839997,No,Yes,Medium,93.74473142433163
180,6.251334695530012,72.69841226730217,6.7149414474977585,Yes,Yes,Medium,93.91726913877164
181,3.285684887167435,90.880034295169,6.463831865784359,Yes,Yes,High,73.72107416379255
182,2.8582150038777754,83.7747490900347,6.729412477356388,Yes,Yes,Medium,75.41514554544489
183,,46.442490945652345,9.059272712014796,Yes,Yes,nan,68.28861941537504
184,4.553074429348298,55.15557795144494,3.6822071330057398,No,Yes,Medium,58.13883753245348
185,6.428000988184184,84.11156781982324,9.300150551944489,No,Yes,Medium,92.08763333389898
186,5.94647524914709,55.26268909692536,4.864064271324782,Yes,Yes,Medium,70.9141226922495
187,4.854342174686255,66.63050275004463,6.600021506148378,No,Yes,High,87.67068474378898
188,3.30641256386319,78.25078148536828,6.3561333695520075,Yes,Yes,Low,70.71087824511488
189,1.9703055506282707,55.47483317704547,7.88282990465608,Yes,Yes,High,50.41229380451384
190,4.106970095865957,71.5806325921894,4.602813472174379,Yes,Yes,Medium,71.1601114815727
191,6.712797588646945,49.989617576226934,7.693258999122914,No,Yes,Medium,64.06110854824038
192,5.4281874882604075,60.9794853407318,10.036464434930279,No,Yes,Medium,76.50055977643274
193,2.508522442576024,74.79672901213806,4.955238993110784,No,Yes,Medium,64.71312870086989
194,5.346361851702364,46.105093997024966,7.284559251415594,No,Yes,Medium,69.82564834759788
195,5.770634759457674,76.60712106940599,6.007026733305087,Yes,Yes,High,86.34796027936787
196,3.2322851275977342,69.70543301609978,7.638830809289553,No,Yes,Medium,66.04674845884857
197,5.307450211891056,78.28734931625722,7.028721666123628,No,Yes,Medium,80.70859653783705
198,5.116417436892,73.35871201096992,6.037769636433536,No,Yes,Medium,73.11795388216585
199,2.714059404338754,90.46210644960766,7.7318084273066106,Yes,Yes,Low,71.0821778830577
200,5.715574720696567,71.87836753971861,9.706522164680115,Yes,Yes,Medium,84.85657050751315
201,6.121569052736469,63.558916883121206,6.713644312409052,No,Yes,Medium,71.01496461078258
202,7.166102486350554,71.83446254548426,8.079636913222274,No,Yes,Medium,85.78712225432703
203,7.1076041040698055,78.14947043554582,5.0600905631932545,No,Yes,Low,82.15519256242276
204,2.244661264085818,70.73290105488556,5.565345434772987,No,Yes,Medium,64.89425666900785
205,3.124349920169754,70.60887536805824,7.7086094168205666,Yes,Yes,Medium,77.62149412131014
206,6.0300705344173195,59.47012468289867,9.226174042803947,No,Yes,Medium,71.43384868367535
207,6.027571901824418,60.05648623673578,7.53342002317849,No,No,Medium,66.92732828990412
208,6.030095372612096,48.96092092300459,6.530412954215269,No,Yes,Low,68.8279507565647
209,12.705462981309442,96.24365114780409,6.998937108135031,Yes,Yes,High,100.0
210,6.141781021386334,51.34205146913072,5.124388399045424,Yes,Yes,High,70.55160294344486
211,7.271131280361198,59.60642203306139,7.90677298953305,No,Yes,High,79.77982678942402
212,6.908003526986405,59.22389101646204,8.323499593485113,No,Yes,Low,79.68296439772482
213,6.302782502611596,83.42386565416662,6.3218645007503795,No,Yes,High,89.49824354243897
214,4.369461510719309,65.57575482561958,6.294936778360748,No,Yes,High,75.20653280830376
215,6.517938440986535,88.716131090106,7.398817344478073,No,No,High,82.79212549127467
216,3.4543495709248564,59.897640636341976,6.3449203959391065,Yes,Yes,Low,61.262600667302465
217,4.526362786519982,74.18491243335703,6.900801078061266,Yes,Yes,Medium,76.81109401939726
218,4.029272904341793,57.46979420110364,10.149582683749774,Yes,No,High,64.45624386753595
219,5.163748278772645,102.17723691660083,6.629461448881005,No,Yes,Medium,100.0
220,9.629317133347017,52.18602371455731,6.462489771968166,Yes,No,Medium,84.00287728255834
221,1.2654696148165039,74.64731065340541,6.028687291547262,Yes,Yes,Medium,60.046229908197276
222,6.372520380749027,79.50665321398148,8.116287957249906,Yes,No,Medium,90.9493243532727
223,1.7745682576206967,76.20698646177247,6.728163740172845,No,Yes,Low,61.206422934377315
224,4.056136268421133,67.22068511683437,6.025940442517861,No,Yes,Medium,59.86121905831163
225,7.177901193934732,68.05268950399861,8.981956048409518,Yes,No,Low,84.96197474821435
226,5.128560038190925,70.65717207968665,9.129404506770456,No,Yes,Medium,84.50959439946224
227,2.8445104441413878,67.79496997557267,6.099364651391943,Yes,Yes,Medium,62.33254393416723
228,3.5693925814800638,84.45818675192365,4.200190072959076,Yes,Yes,Medium,69.09941657287811
229,6.359195497869352,103.15784502387027,8.511270534755383,Yes,Yes,Low,100.0
230,3.5392667365657267,61.637623224882496,5.973055261359994,Yes,Yes,Medium,62.25930376050375
231,5.43291717916395,49.45295530631383,8.185938398744153,No,Yes,High,66.4469269696366
232,5.091143679807628,68.67576927473118,4.044844273432247,No,Yes,Low,72.84912477293516
233,3.6967993047883656,108.69564006481477,8.338896007448964,No,Yes,Low,94.84384316098773
234,9.28788817865065,57.944881480454036,5.183242106078828,No,Yes,Low,98.89639573011227
235,6.267838044636022,94.58675208166102,8.096146178599787,Yes,Yes,High,99.35020319429947
236,0.9497148266847857,95.1655122111466,7.021409601754651,No,Yes,Medium,76.08136417970213
237,5.3729086295388555,61.69617637438008,5.569090870905033,Yes,Yes,Medium,69.17925507026165
238,3.676427070463224,78.53474618777913,6.389445530609829,No,Yes,Low,68.3492890178585
239,6.704866669592448,94.42594934692806,8.029477685435051,No,Yes,Medium,97.33190465724772
240,3.4149585231345987,64.3130838851877,7.158841679672851,No,Yes,High,66.65031488860494
241,4.770527117066202,66.94629459846458,7.876619470708726,Yes,Yes,High,68.9998989840577
242,6.0099745579609145,61.274786290770344,9.964660876773229,Yes,Yes,Medium,78.7633990588171
243,6.731510388340243,54.778649039607,4.653637582433423,Yes,No,Low,75.26207437485034
244,2.5994071858884475,60.26083682400989,9.425818862452935,Yes,Yes,Low,64.94070035853689
245,4.330997528318103,51.64089599856615,7.156533906284819,No,Yes,Low,66.41921683117768
246,4.050109377678088,70.51125202388839,5.6518239275153075,Yes,Yes,Medium,71.71813057520117
247,3.693341534852576,58.450401534120374,5.004529561391515,Yes,Yes,Low,59.315629851216315
248,8.530908480562193,73.50678867686122,6.71631941383445,No,No,Medium,90.63256266431762
249,5.809963421921911,46.66156530694559,8.382475167886689,No,Yes,Medium,63.539831263616044
250,2.4782320913299096,74.96320348321686,6.808676319433698,Yes,Yes,High,75.72793293183894
251,6.835723894109552,82.50293442413387,9.266732395371022,No,No,Medium,93.19955543310162
252,9.244312394025266,40.09396536142817,4.823236464922662,Yes,Yes,High,76.31000693276071
253,7.064930521102294,75.61084854771359,6.981866578230918,No,Yes,High,83.33189110543192
254,1.9612600680919732,88.41503488709938,5.121409833380321,Yes,Yes,Low,83.85716906165885
255,4.031531854267497,51.855384719631914,7.545447823937452,Yes,Yes,High,57.757482931630165
256,7.533822298373245,95.08858580256555,8.33033108514595,Yes,No,Medium,99.29865091810716
257,3.5846610687624385,76.28528514049067,6.36885730947842,Yes,nan,Medium,73.99543033248072
258,5.887638856292456,59.424822163623865,3.0936792150592987,Yes,Yes,Medium,72.92026582192052
259,6.5492681068586736,69.16346383513441,7.298422220194742,No,Yes,nan,87.60120533874336
260,3.1461390568438343,78.37490368782584,7.655107827600264,Yes,No,Medium,81.5692495316768
261,4.8809492878764,71.14008087118617,7.606442132442546,Yes,Yes,Medium,79.19283106727151
262,-1.4825346801381452,78.08133988669553,8.853673287733232,Yes,Yes,High,47.713517828172655
263,2.9512247173314203,56.1898961038095,5.393419480526427,Yes,No,Low,56.56283703091895
264,4.494863697213679,72.54041236054117,8.020324158175674,Yes,Yes,Medium,77.66064367011238
265,2.504433636070301,48.79428254642529,8.788761268716963,No,Yes,High,66.55473636551848
266,8.26482260786327,68.33160907976949,4.332118623990224,No,Yes,High,79.56702123193624
267,,56.44138537802815,7.479477738878466,Yes,No,High,62.837676100148684
268,4.119911026606032,58.9670508611535,6.243730253488493,No,Yes,High,66.41517320222218
269,5.2614811545721825,88.54139762815656,6.877715990347531,Yes,Yes,Low,90.38977587421753
270,7.8825465781322315,86.36965180891403,7.5215147253075045,No,Yes,High,97.17212959324141
271,2.1282756976411212,79.13707181360766,6.2691571538296715,No,Yes,Medium,62.45660198015285
272,7.326327504309919,53.61530852991132,5.986437881257582,Yes,Yes,Medium,80.71421738886605
273,5.020466122039174,65.25387325457797,7.051228626232037,No,Yes,Low,76.95266366347182
274,3.036982697904098,88.19646549968775,5.369131091705796,No,Yes,Medium,79.06789702915788
275,5.924206948526542,72.12575370459857,5.371262306672222,Yes,Yes,nan,79.10079971178222
276,5.39811939114694,104.7899430997254,8.019059924434755,Yes,nan,High,93.3102706027464
277,3.799566245682411,75.89976759091557,5.276808947262015,No,Yes,Medium,63.58616766262384
278,5.139604169980037,72.88073674735047,7.999468751363818,No,No,Low,83.26481598091901
279,4.22937280627648,65.36325303696248,7.693886939280927,No,Yes,Medium,73.06591588608244
280,5.227034690502496,72.00311357173423,4.411289906814105,Yes,Yes,High,69.98784761698548
281,6.324261349042093,67.71295245429184,5.983653021496517,No,Yes,High,76.80316755714803
282,8.172033632290704,80.62163015032885,8.79116410457106,No,Yes,Medium,95.30056928620067
283,2.524369002346302,84.35053475191876,5.528251703290477,No,nan,Low,62.753907770554214
284,9.266066749312532,58.21015809238076,6.303393606535918,Yes,Yes,Medium,84.27803976291422
285,1.0958244009549962,50.03150569663333,7.693091339877845,Yes,Yes,Medium,43.509520476435796
286,4.6964298099288335,42.456919403450556,8.175085763923892,Yes,Yes,High,60.11010170367402
287,6.176634412969153,77.61986990368815,6.622691670933256,Yes,Yes,Medium,80.85853232367735
288,5.561983735470065,53.449500907391894,6.103734707962538,No,Yes,Medium,60.94313430853254
289,3.7546009603588124,37.706641105712755,9.133554792547761,Yes,Yes,Medium,66.82224177837575
290,4.5837554992854495,75.82867906796446,9.608349495696368,No,Yes,Low,86.33396233074855
291,4.013998130682334,107.39499276149186,8.468287076172693,No,Yes,High,88.02733535262374
292,3.821270486111577,69.9089363269016,7.127977213847536,No,Yes,Medium,72.065864990838
293,6.699204194042049,82.57736161677462,5.78760141753861,No,Yes,Medium,90.46754683172934
294,5.714030971930095,71.22744037821347,5.7543333901651526,Yes,Yes,Medium,84.18748890485772
295,3.6141808094786914,68.51665520213287,7.783771157898636,Yes,Yes,Medium,65.76964149989851
296,6.799199750866501,83.78614724481653,7.627597331333026,Yes,Yes,Medium,97.10312321881929
297,5.614599041753219,65.64588183717024,9.102397889419644,Yes,Yes,High,76.27198755274351
298,6.62572423767792,74.01088471107855,7.975675138804209,Yes,Yes,Medium,79.71269957081189
299,6.259257683847224,74.8254670929402,4.7453795473602725,No,Yes,Medium,84.89453137718742
300,3.3420099781558554,59.978643195354266,8.577921426584378,Yes,No,Low,71.77566433189186
301,3.879637919606061,84.88063524304785,5.502909059028381,Yes,Yes,Medium,89.44172399823867
302,6.494587210246523,67.37560364956887,6.424043092071472,Yes,Yes,Low,74.62366965592848
303,6.22074053086693,58.66382260760733,7.3753003093775416,Yes,No,Medium,79.67020248936184
304,4.958196812071704,78.04764765355606,9.993501234675946,No,No,High,81.27890474374416
305,5.234654766617564,56.52298027313444,11.664877834008042,No,Yes,High,79.73208353977607
306,7.55532979157685,70.42271736053692,7.910084588704274,No,nan,Medium,81.34999649265315
307,3.8168572223283403,69.86321505033695,6.725205071919418,No,Yes,Medium,63.86386223345649
308,6.094194762340075,86.28843348747367,7.801758472720826,No,Yes,Low,86.05082922569974
309,4.595614695132212,77.12047349319928,8.331483138810754,Yes,Yes,Medium,79.63310286960792
310,4.56463759354556,69.62459561882284,6.518998561664213,No,Yes,High,69.97055892167171
311,7.19755370397438,82.26649448800431,9.692817033868483,No,Yes,Medium,98.44889107209613
312,6.6508326979760595,90.8531132352597,7.345106138787103,No,Yes,Medium,99.30390421635623
313,6.627019272001277,78.36715459527794,7.746614633637091,Yes,Yes,High,91.298989288236
314,7.610957614308658,70.15528929765071,7.998886378081692,Yes,No,High,97.01955576521668
315,5.042007683265518,50.32245651474761,7.632379915921684,No,No,Medium,69.08825187845137
316,6.363905942589928,54.02329505386941,8.258410750704417,Yes,Yes,Medium,69.47483361773384
317,4.379466486813088,65.42162943467999,6.074120220179616,Yes,No,Low,76.52424073990612
318,5.648332704976884,60.85731696761076,6.162547369080954,No,No,Low,70.21543132106851
319,4.739713891264631,67.19543045521831,5.349768650542458,Yes,Yes,High,75.8982426173788
320,5.193991929985437,70.8497488734566,7.659251845930339,Yes,Yes,High,85.8576114195547
321,6.190314050873827,77.94539131535096,8.16840475526817,Yes,Yes,High,88.9146346465815
322,3.3635586335330547,68.94251832911362,7.686659299227829,No,No,Low,61.35047010870571
323,9.184774551370921,77.29752465739303,9.511738650021305,No,Yes,High,96.80327335734226
324,2.987965237000596,70.9671162221518,6.99160597175643,No,Yes,Medium,73.93305117811197
325,2.5716227744245357,40.36800150469193,8.003112483388769,Yes,Yes,Medium,50.514424789108816
326,7.316221747000135,55.90996909271868,5.362448685791028,No,Yes,Medium,77.71078850552
327,6.583325387925871,67.83868666417577,6.419350446288399,Yes,Yes,Low,85.04165019411842
328,6.24823963410431,51.85457885738339,8.043306636348666,Yes,Yes,High,77.1779500561811
329,6.25669101852856,78.99893094994307,8.273653166114716,Yes,Yes,Medium,88.97695791961502
330,4.975506454306171,92.96126248515546,6.559049578503727,No,No,Low,85.69792792505763
331,3.2054912570283367,88.28142777545975,6.892601122212899,No,No,Low,75.27320366235108
332,5.151609116387453,66.79835693604689,4.723189379978786,No,Yes,Low,76.53874087419824
333,3.6456765769757764,92.36089205274928,6.464456198790086,No,nan,Low,83.11118571665271
334,6.9502394668355025,72.23001185803167,8.33557474527968,Yes,Yes,Medium,86.10727322102227
335,4.705885236995723,64.94371043322941,7.86280752415985,No,Yes,High,78.49426937705299
336,3.349005606414977,60.7989600468859,7.750998582071815,Yes,Yes,Low,64.1260329751476
337,4.357228316694013,65.46295470267808,7.07466053077144,No,No,Low,66.57028654171586
338,5.825862908551248,64.17734772188157,7.010594737942265,No,No,Medium,72.9229171404354
339,3.8725508943920506,72.55624333563232,6.0095182907898295,No,Yes,High,66.02231845997935
340,3.3555592088671373,72.40860971574797,8.048242630303802,Yes,No,Medium,69.60016237112224
341,,70.04569030230121,7.631459416584085,Yes,Yes,Medium,85.0424027461597
342,5.4899331422174455,76.55407254619524,7.738028271989199,Yes,Yes,Medium,78.24189343431061
343,,87.85969412179512,6.210947735998629,Yes,Yes,Medium,80.26287457084626
344,4.057923388763355,84.24331203161985,3.7699856201931334,Yes,Yes,Low,71.62284728133972
345,5.464099874715273,47.726530473251444,8.645729067630544,No,Yes,High,67.52504434764391
346,2.1038313170053518,31.691182976470678,6.281743815987394,Yes,No,Medium,35.300718934018036
347,2.1850724512468895,84.01479866858911,5.705836353935319,Yes,Yes,Medium,67.58453784384525
348,3.563111557495128,49.49681952376868,8.04021836787099,Yes,Yes,High,59.46214691303279
349,4.573105696576306,66.62851897160975,6.411981040121305,Yes,Yes,Medium,74.28905208872229
350,5.621815131196009,52.448304609109606,8.589904576069934,No,Yes,Medium,72.94661045249762
351,7.950712433899104,42.970293436299706,7.9255089243650465,Yes,No,Medium,70.78200275517365
352,6.7153192464040385,78.12194092307182,8.025353984800716,No,Yes,Low,94.33132307233267
353,4.680122940073145,81.3873274045397,4.951066433199198,No,Yes,Low,78.74701185354802
354,4.961967584194622,61.35234398909921,8.8179159780796,No,No,Medium,74.57849288300837
355,2.9949412707243823,31.134365617826354,7.391875796850784,Yes,Yes,High,47.868757716468146
356,4.96297372801522,61.806333276212754,6.4460842911306955,No,Yes,High,68.3830623274206
357,4.422682722159723,75.8770600810382,7.215082701013377,Yes,Yes,Medium,77.58771323019754
358,5.645437120676179,47.81632646838807,4.33564715065252,Yes,Yes,Low,66.89334903766277
359,3.345538112895354,72.75039879668734,7.612979217221007,Yes,Yes,Low,61.831217510310196
360,6.038693028482345,69.77035226240507,5.455942737726893,Yes,Yes,High,75.91262185791487
361,8.065477826005155,78.68937249401633,4.970994571234698,Yes,No,Medium,90.32979509749505
362,4.782479703086285,71.79370552621229,4.716461220673163,No,No,Medium,74.3586179202736
363,5.8034234441978825,55.40396588677667,8.669032562484889,No,Yes,High,80.1867825468963
364,6.380287983422225,87.94857252496737,6.056104909460817,Yes,Yes,High,86.09420400625277
365,4.197559056228328,67.62205640459545,9.300591564874749,No,No,High,71.37094459908569
366,5.448184963620833,69.59043190735102,6.196297805421553,Yes,Yes,Low,74.18493510324237
367,5.02518480156359,56.00098061390206,4.43896306361058,No,Yes,High,61.93293963979718
368,5.195352197097663,63.35076623212734,5.325213340077012,No,Yes,High,69.70879153553425
369,3.4539804322890673,56.727959289596484,8.853717430010407,No,No,Medium,68.38536360605138
370,5.049020348517885,67.40580910114866,6.766152733094999,No,Yes,Medium,69.27370192179708
371,5.9959965824909,95.67562720213516,6.177569055264098,No,Yes,Medium,94.37195306435805
372,7.902287215590084,49.421482856029655,7.240027338779181,Yes,Yes,High,70.44955555461354
373,6.918541652170414,45.79657903184888,7.752674104251318,Yes,No,Low,70.52824589358187
374,9.306364915023114,92.06755491240412,8.67609822385369,No,Yes,Medium,100.0
375,3.465304874223901,66.86014484272201,9.17274884483939,Yes,nan,Low,78.40554133374614
376,6.744641273441356,59.963908920101254,6.460347031316371,No,Yes,High,76.71124510435293
377,5.366684011476703,85.59857031094114,5.010928470876943,Yes,Yes,Low,71.95626000491347
378,9.379605866435345,60.91576690394704,6.379802258315086,No,Yes,Medium,80.32742802660442
379,3.383403429289697,97.39014570320404,7.3904207598743294,No,Yes,Medium,82.95904112698827
380,,80.16888807008904,5.554361610684084,No,No,High,74.76103566718798
381,3.8012147091119557,62.68132887781446,5.564273627657435,Yes,Yes,Medium,67.00053827123621
382,0.7522085513803862,102.35962319898255,7.5156818223248285,Yes,Yes,Low,74.42141879649776
383,3.948489956638478,60.914276154949924,6.9270214726443236,No,Yes,High,72.34906663704963
384,3.481734676892604,81.13143058013961,7.04919549311738,No,Yes,Medium,71.99459982414173
385,5.300787572952415,74.48938870609737,5.8622569979498955,Yes,Yes,High,82.60749960900856
386,5.683511951554319,89.52611934098198,6.654398928691349,Yes,Yes,Low,80.16406774178296
387,8.752341678431772,93.42266795090279,5.6136502835975435,Yes,nan,Medium,98.3085127040211
388,6.9008476763721,70.4800622359865,8.33529761668718,Yes,Yes,Medium,77.26099582703323
389,3.8461926886751936,58.69873194480725,8.552874002085629,Yes,Yes,Low,65.54645537059578
390,3.203170657303284,76.89958214408675,4.230718206642859,No,Yes,Medium,67.70961479154786
391,5.983838343013011,59.834269453718406,5.6057337097113855,Yes,Yes,Medium,74.141795183204
392,2.3595335859587157,100.20080871289935,4.755206117364882,No,Yes,High,76.73396959853744
393,8.662917531708707,72.04802996624106,6.024964098389653,No,No,Medium,87.59933413981865
394,7.358880241442574,64.52017673031837,6.874843045314459,Yes,Yes,Medium,82.67365688396204
395,4.06164869579059,72.77020458797362,4.825532170452204,Yes,Yes,Medium,62.96592668655838
396,1.573730941818245,49.793105657054554,5.6172102803120305,No,Yes,nan,55.53513927874507
397,7.707744748330826,55.42578942234023,5.494063941877752,Yes,nan,Medium,77.47249244442213
398,4.770920309494764,88.00620861916639,7.310900994098416,No,Yes,Medium,81.80089630000928
399,7.4756326239469235,60.14658581542906,7.104016505554376,Yes,Yes,Medium,90.18316116436135
400,1.8111446824112658,54.296335259770906,5.91739366999412,Yes,Yes,Medium,46.187958436982946
401,3.8012499540924543,78.04979128790929,7.265231308209097,Yes,Yes,Medium,69.22086243706175
402,5.010487399436366,87.78556231994496,6.179979873119102,No,Yes,High,78.37484868083624
403,5.093961187529484,80.784299659976,6.59251733451092,Yes,Yes,Medium,80.88663906678637
404,4.099869057041513,84.94071528708724,9.510178135447806,No,Yes,High,84.49014031095578
405,6.2456998646949975,58.64807367145809,9.010691577685522,Yes,Yes,Low,81.94089346066832
406,2.8647591412348112,48.67283999887235,5.050628144608604,No,No,Medium,66.148566495998
407,4.715241029957413,92.5200047793323,8.244598626818762,Yes,Yes,High,76.1249431056532
408,5.240591263423798,65.15980241736797,8.217094831737388,No,Yes,Low,79.06675363779803
409,6.028877668117498,66.23750475317429,5.277605066871073,No,Yes,High,73.79617510050002
410,6.423229756177779,89.92291212773587,8.228166465632292,No,Yes,Medium,90.80771398098283
411,2.7507158163242615,78.3434501410099,9.30689787761883,No,Yes,High,69.61936305583734
412,1.9317716585287554,76.83831658122412,5.316182790633379,No,Yes,Medium,58.947701748711644
413,7.555353643797018,102.47503517351626,5.623745768478605,No,Yes,Medium,100.0
414,5.6646280239591835,60.347226544297854,8.526492200265254,Yes,Yes,Low,80.10771665535307
415,3.5030269268868928,83.91760192121856,7.4072429662384724,No,nan,Medium,76.72709358387333
416,8.102303951045046,70.85519687345626,7.827214412859285,No,Yes,Low,98.035702274297
417,5.231349268585717,74.02888418294886,7.510883824600745,No,No,Low,72.00592956313668
418,7.358594368127653,92.92702639618798,7.586043881392216,Yes,Yes,Low,92.02691485568445
419,5.135036962820218,77.61753634434436,5.010291807533376,Yes,Yes,Medium,67.03894601292977
420,9.121495849763974,78.07444118574449,8.570976559932173,Yes,Yes,High,96.87205108811229
421,8.510681684886409,86.08761005964703,8.754384988641661,No,Yes,Low,100.0
422,4.502071703041853,64.52570905685673,6.655913883897958,Yes,Yes,Low,71.02356674245593
423,6.943141901908711,57.4118549899149,6.934784575279206,Yes,Yes,Medium,79.0185170991811
424,6.290751899170295,54.327862089684494,4.703338746166416,No,No,Low,64.06103693117785
425,7.737263115064698,40.50465115935997,7.771382134026752,No,No,Low,78.41144187137334
426,3.070153078839791,100.84310694910484,7.858086162571216,Yes,Yes,Low,84.86508331561193
427,6.372102919996879,53.451874514174754,6.906713474501034,No,Yes,High,77.35372797380457
428,7.116848973699176,66.68119564621342,8.686530039805755,No,Yes,High,76.32644336456964
429,1.4825210271537714,65.84780050166619,6.498884153530089,No,Yes,Medium,58.95136015125012
430,2.63348297466845,74.61110046713651,7.8469088888404,No,Yes,Medium,62.63368808659712
431,0.9215356444797989,82.23605818808946,5.470503491961827,Yes,No,Medium,59.84292742180121
432,4.461186331110884,82.90710232539618,6.964671773688643,No,Yes,Medium,82.55832027430536
433,6.435084511591924,61.25383842146592,6.738468613145746,Yes,Yes,Medium,78.12642987995108
434,8.004714104192056,67.49317429320382,7.337961883061412,Yes,Yes,Medium,84.31565497624328
435,5.14818956083955,74.2386992573245,6.445709606749962,Yes,Yes,Medium,78.05241996146226
436,8.257231091142584,66.26963310724679,6.802791106492498,Yes,Yes,Low,80.7980292153378
437,2.2397970835702172,94.1101836402999,8.23907075716226,No,Yes,Medium,82.77240058430212
438,1.5932351212896907,77.36462427457377,6.344853644142674,No,Yes,High,62.43927445858045
439,4.888904602206763,81.02316679074727,4.590134348891981,No,Yes,Medium,83.61256504525109
440,5.768130897878614,79.94321903001119,9.62437585630813,Yes,Yes,High,84.8447911475489
441,4.934610503811814,87.60210786227987,9.07218111803573,Yes,nan,nan,84.27553859790305
442,0.8651157999202468,72.7153233805556,5.0616059573415715,Yes,Yes,Low,52.50367600553957
443,4.821759920974423,50.5475207806623,8.034561707867791,No,Yes,Medium,70.99402374262277
444,2.3910609989902936,75.99531927628962,6.245537844172985,Yes,Yes,Medium,62.704923759966334
445,6.339345097660077,60.22964659312257,7.39523082299659,No,Yes,High,80.73913038570342
446,5.733196492193697,62.07074977375365,7.4413361935202404,No,Yes,nan,73.85210054562629
447,3.1202404273452897,78.7954602813264,6.648388299525517,No,No,Medium,61.537061523689516
448,3.972266165326613,88.57424607150453,5.824351501620406,No,Yes,Medium,76.29997224273417
449,2.881572956222097,70.31907365104092,5.964188421525611,Yes,Yes,High,59.3881001625364
450,4.874641805453656,74.63249518898445,5.6257121267781365,No,Yes,Low,76.17250388957912
451,6.910284641002477,95.53322416952857,5.752266687654333,Yes,Yes,High,89.8135743160882
452,3.0285479073289125,73.61129769232852,6.899232564925967,No,No,High,73.34306901062861
453,6.008093031035688,109.02524671270592,5.926360016333872,Yes,No,Medium,98.20529471384907
454,3.9394847632551184,78.48264468447316,8.02307809856893,Yes,Yes,Medium,75.70871752137364
455,3.4142543354753117,43.58855861266274,9.23086923300389,No,Yes,Medium,61.51492758451286
456,4.785939280090885,81.30012431656799,6.129920137944936,No,Yes,Medium,84.36222775460621
457,2.929515355161252,75.71737577324167,7.359106750803066,No,nan,Medium,69.77194132696188
458,3.892701389305636,89.34629131124119,7.7495276654544005,Yes,Yes,High,77.63373360829478
459,2.604244214822303,80.09772026904938,7.708003406378912,No,nan,High,62.147715108319105
460,8.929450265832779,67.92316024024339,7.113932901874131,No,Yes,High,89.25057701344225
461,5.070527103943458,51.635526455659516,8.114023627539584,Yes,Yes,Low,65.28590231538301
462,3.6005489840148286,66.86465114070963,7.7233734290209854,No,Yes,High,69.4381313782082
463,5.427959821468444,57.2421931868605,5.143506366509053,Yes,nan,High,67.49338902415897
464,4.77534390061834,61.29214825292916,8.30373409658391,No,No,Medium,75.53926745540494
465,4.558060800933554,78.82867606630914,8.330936255900113,Yes,Yes,Low,76.85781878808224
466,6.22833340008685,95.0485675652711,5.855070843732127,Yes,Yes,Medium,92.29266326124021
467,6.51501542009461,75.92007294734472,7.056906753171403,No,Yes,High,91.66583118388823
468,3.938997704778945,52.06175406947224,8.024993489216603,Yes,Yes,Medium,65.09548496307613
469,3.8483635187106398,76.66904002330212,6.686029270630957,No,Yes,High,73.37520326216327
470,4.449896605696712,87.94947229968477,8.609467071649018,No,Yes,Medium,81.32090915178053
471,0.39615767052883033,60.85325643520927,10.54580874192904,Yes,No,High,51.69815124172433
472,1.9696178756028955,67.98974249990623,5.821020951047526,No,Yes,Low,55.59031056666344
473,7.733748534889049,70.22032292093796,4.928433095269337,Yes,No,Medium,83.12111525287841
474,8.289935427002568,58.2265253037664,7.455727893407314,Yes,Yes,Medium,89.14317473920512
475,4.501927920887243,79.72420650765788,8.082343757689216,Yes,Yes,Low,78.71015005058725
476,6.153113926111533,68.18577777088328,6.653700439232846,Yes,Yes,High,73.0174767331168
477,5.622500309087072,76.29298665860541,9.179890994981552,Yes,Yes,Medium,93.3044603794713
478,11.157761616910475,56.6876173329685,4.992091300415127,Yes,Yes,Medium,96.14407145880537
479,7.2391498228691535,63.438125495148846,8.039377934547417,Yes,Yes,Medium,76.90777346937668
480,4.744164817038467,80.83572036741657,6.09120876886166,Yes,Yes,Medium,76.86680774681126
481,,64.40750271862349,9.579066859310945,No,Yes,Low,68.15319953922314
482,1.787107359484855,95.90445776850108,9.988773029752178,No,Yes,Low,86.50370010412189
483,5.406927271734446,64.00545721578096,5.850015118324978,Yes,Yes,High,67.81335718139111
484,3.487298509431393,73.37027088627829,6.17566429613713,No,No,Medium,74.66897948772471
485,2.1554925808046517,83.98886247809635,8.289381830469702,No,No,High,78.63883818409445
486,3.7068542315149466,48.724514006004526,6.4193040253157285,No,Yes,nan,55.60299434982554
487,2.83690399277121,43.587867820288366,6.931883173101642,No,Yes,Medium,51.49069359103543
488,8.37428327014513,47.11515528144858,7.038082630813615,No,Yes,Medium,74.50600527648484
489,6.763279513898901,88.93876155140774,4.120490265703515,No,nan,Medium,88.83142120169163
490,4.9840547173667655,61.7221278116133,6.9792433808586445,Yes,Yes,High,71.4814523192728
491,7.959888277780052,108.37298928502378,5.965408338903739,No,Yes,High,100.0
492,5.154736615295237,61.53628602013917,6.260315766400342,No,Yes,Medium,76.9277540536808
493,3.2774315973434724,72.76826954795555,9.16544800520322,No,Yes,High,68.39063424515903
494,8.046248154539315,93.13164928851813,5.115239658581116,No,Yes,Low,89.07560360885336
495,6.077820087369317,100.09139332238684,8.219807780121966,Yes,Yes,High,97.1534324941205
496,2.925507691347087,100.92255364954596,6.581555604502287,Yes,Yes,High,82.99161581108082
497,4.619322643832784,88.12549345889714,6.5803597472562485,Yes,Yes,Low,83.9932187618288
498,3.2487634932304856,85.36093788717193,8.185557844077566,Yes,Yes,Medium,75.48920783847102
499,2.234400538071328,78.88790423801774,7.5100769418533355,No,Yes,Low,69.13460736887352
500,6.852355095063283,81.67541614249957,7.855919495829296,Yes,No,Medium,98.67763343579097
501,8.818833280940261,61.732214255071995,8.452276990799291,Yes,Yes,High,92.60226012553886
502,2.2028648523617176,57.72701674866539,6.503037425225016,Yes,No,Medium,54.71320299521502
503,6.125938473381142,69.94938313883571,6.081644898238375,Yes,Yes,Low,77.33839949203907
504,3.698714861756346,67.44723066212607,5.372274210163303,No,Yes,Medium,65.96529947277389
505,4.0257492324706075,63.201579260090874,5.761884205031567,Yes,nan,nan,74.81462203135425
506,3.8152121515222617,80.44581171185072,11.423641637963087,No,Yes,Medium,80.18322695570026
507,3.2720184606403677,84.32957812855766,8.86701937110518,Yes,No,Medium,77.43032365988317
508,5.097043255889654,71.32610329437772,4.973388450687968,No,Yes,Low,72.15624458483634
509,3.3380997671779244,92.16295121582893,5.016313064884645,No,No,nan,82.6174170252865
510,5.540913651559678,52.87466328799742,7.722799092577738,Yes,Yes,High,80.43798826083393
511,4.899523781101726,67.09510811080423,7.820897196066951,Yes,Yes,Medium,77.23355295279717
512,4.522103906267181,59.247665190957925,7.8233257529760465,Yes,Yes,Low,69.77515559617966
513,3.1848726759168042,42.0019507439041,6.617566309669453,Yes,No,Low,53.45789615105218
514,3.8464573388633347,68.7597897123595,6.811818609995649,No,No,Low,57.94160126913081
515,6.510782451651512,68.17378737425075,7.4918192862390365,No,No,Medium,86.10135218446811
516,6.0018343752487615,92.70174614863197,7.128839509439995,Yes,No,High,92.58456725424263
517,3.044889510402898,79.46217526832166,3.671049440878697,Yes,Yes,Medium,69.98006001333194
518,5.198664610858452,54.63719763506192,6.6553005541372094,No,Yes,High,65.14163926094012
519,6.502774246743578,97.81138849501282,5.72289034860953,Yes,Yes,Medium,93.1133623812985
520,1.6611894377572565,88.31550543288029,7.262817128362768,No,Yes,High,68.29336105786726
521,6.08672038475987,78.73146555202923,11.477888503905115,Yes,Yes,High,95.63755563248536
522,3.674752482108307,66.60273851725252,7.551222498211457,No,Yes,Low,67.00542324295192
523,6.141197337186319,55.6084114491478,6.529705470741403,No,Yes,Medium,83.688541917351
524,3.4734816869149663,64.4168983589342,8.382702252965878,No,Yes,Medium,70.05267156921869
525,1.390235798670962,86.33122929556279,7.724031830813819,No,Yes,Low,62.312100638798654
526,1.7449151242336747,98.26879458901914,7.630141735677762,No,Yes,Medium,75.49995397011463
527,5.096169893322764,93.14865292408284,7.910275889823507,Yes,Yes,Medium,85.74104643899997
528,5.519445003442963,62.667258673205886,10.084815347244312,No,Yes,nan,67.30099791968934
529,3.191366749791183,53.205738500664836,5.303667347011126,Yes,Yes,Medium,65.32577514137503
530,6.277184917554748,72.11329370366806,7.710448115217182,No,Yes,High,87.07222943019103
531,1.6769598754620803,43.473409516557226,5.610428305027693,No,Yes,Medium,48.681574753387764
532,4.867840402705367,74.84751571277172,7.833268969513372,Yes,Yes,High,79.55598073347458
533,2.5779676004750867,67.78596120551997,5.621970232770859,Yes,Yes,Medium,55.330111240760715
534,3.696327784395682,63.00945247197637,6.373949779592373,Yes,Yes,High,63.368855303502414
535,5.094797342632828,46.07945399099807,6.5573651286431405,Yes,Yes,Medium,68.04405706563858
536,3.2791732694320954,77.70400159854574,8.463725079017063,No,Yes,Medium,68.50865045762527
537,4.230888911540349,62.009487405071326,8.37768166591362,Yes,Yes,Medium,57.438115222309506
538,7.012585618428881,52.451247464345684,5.131423935330423,No,nan,Medium,72.80443769859467
539,3.8462162609537023,26.916066800775262,7.082401166499773,Yes,nan,Low,48.556100204341334
540,6.671384224130284,69.58727642424046,5.935630217876241,Yes,Yes,Low,82.61544056423153
541,2.740586290684764,96.58377395004617,5.112242633986998,No,Yes,Low,80.4018096614616
542,6.059608355830566,94.91888821821806,6.674474424363444,No,Yes,High,95.92508008073875
543,,63.14355615120592,6.537275817316271,Yes,Yes,Medium,86.1844756685232
544,,60.966819094573296,10.640074729518282,No,No,Medium,59.48435566199653
545,3.406209489059046,77.03161384112536,7.649439738041044,No,Yes,High,65.42822840291106
546,6.15414425436108,55.02421841217563,4.933573748868644,No,Yes,Medium,73.648955921742
547,4.593909227914015,74.52687849729199,6.152838993743586,No,Yes,Medium,78.45212938343607
548,5.742291746742618,81.49120417577035,8.532074943144098,No,nan,Low,80.62659344959867
549,3.792029626568359,88.40399835826462,10.132664159304888,No,Yes,High,75.91097644644385
550,5.1731795749458,68.4976888528007,4.621025031643063,No,Yes,High,69.34367191925013
551,4.688645529215841,66.94489374734552,4.1801134222914325,No,Yes,High,66.27978064931729
552,7.335564123319615,56.830261198651584,9.806447763057673,Yes,Yes,Medium,86.96000378744543
553,5.508841686602426,57.5967946894021,7.5844212660563555,No,Yes,High,69.61679653522411
554,5.675205324150404,66.6028166214771,5.69756090218545,Yes,Yes,Low,71.39516276063189
555,4.1762460677550655,75.51048260224267,7.801943629183653,No,No,Low,72.85251227756672
556,4.024787551855013,83.70376939349875,3.0463783914746836,No,No,Low,79.21224442063762
557,4.134883624360758,57.95231573979483,7.005063259895741,No,No,Medium,66.05442696328048
558,5.788904284756594,92.39032853439282,7.491731759264628,No,Yes,Medium,90.33905653293408
559,4.158031038359474,65.93314598436147,8.386405209306744,Yes,No,Medium,71.19137142246122
560,5.579549713792826,69.67949058477346,5.479156071561194,Yes,Yes,Low,82.98300796196051
561,9.150801597290878,58.79182481278265,7.128530742105038,No,Yes,Medium,85.3828978517101
562,6.742249406863385,33.63639609590587,5.611863060910619,Yes,Yes,High,70.47009750663143
563,4.347952935664318,83.26068094541574,7.383075633511476,No,Yes,Medium,81.10830093801859
564,7.40242784432789,81.0526584563865,5.656980516455464,No,Yes,High,89.82353423753858
565,4.183849253956897,65.7800866432268,6.387848741259669,Yes,Yes,Medium,81.88728594360245
566,0.9237509296442923,71.00486075837308,5.506276907814657,Yes,Yes,High,50.988644402970465
567,2.983827378165192,77.73908826556149,7.976704362735486,No,No,Medium,70.10038377197166
568,,46.56181214670186,8.287676674984997,No,Yes,Medium,42.72683459828022
569,4.296973031917383,62.06420983980558,6.64806914506388,Yes,Yes,Medium,73.10847639028852
570,5.036836758379104,81.9139701943274,7.0573569924400426,No,Yes,Medium,90.5375235690561
571,8.352874624550566,51.18565865246126,4.827112878049684,Yes,Yes,High,87.322914497391
572,5.653854747528325,74.40336898249944,6.5504850279898195,No,Yes,Medium,86.624356654445
573,4.561798942382271,49.65127293064893,6.924693074437383,No,Yes,Medium,62.675261056389715
574,6.658811162366979,76.9964497365029,10.931189636544962,Yes,Yes,High,89.75409777530757
575,0.5777293819842297,69.46537776553775,5.332049461338754,Yes,Yes,Medium,45.37508159283409
576,5.471229116217132,45.77302276141736,9.196265858128656,Yes,Yes,Medium,78.72192910934912
577,6.541730387773933,87.47109031685757,8.495288160198712,No,No,Medium,95.71256808639227
578,2.042827508440317,58.981126348029264,7.420954606735204,No,Yes,Medium,55.12864796573089
579,7.287508086413858,57.84621344478428,9.6379307262927,No,Yes,Medium,89.92269442774058
580,5.676992814988829,73.00853795846415,7.558158208910294,No,No,Medium,76.25670391357416
581,4.169424172198397,87.22956024143073,7.583738793501893,Yes,Yes,nan,83.51078561892379
582,6.26556373221257,54.762672715324044,6.920319020473682,No,Yes,Medium,73.01761030573283
583,9.541385715608792,70.92519774771958,8.835353323627942,No,No,Medium,100.0
584,5.36373251011699,76.4322475049586,8.644703850716326,No,Yes,Medium,82.40869697293475
585,5.496441172600672,80.39658410894717,6.061484068755681,Yes,Yes,High,74.9514187581273
586,4.081278200919511,72.64662332915837,5.021129208101849,No,Yes,High,71.0923004817894
587,3.3003112610704166,64.49458241375017,6.6955290439065145,No,Yes,Medium,70.37764744375659
588,6.660671633088491,57.5861466902692,5.7999421534035305,Yes,Yes,High,75.57994424884713
589,3.2878323481822656,71.29215824569562,6.904713138076968,No,Yes,Medium,72.60255606330581
590,5.143132474438785,53.9179148202159,8.856157202026209,No,Yes,Medium,65.50279475914367
591,,26.17974274758089,6.314047517369815,Yes,Yes,Low,48.73650740739891
592,5.957959651492784,76.54839706236501,6.935764928032638,No,Yes,Medium,80.2853826010963
593,5.667324210573897,83.55902261629294,7.087034102212593,No,Yes,Medium,89.52181537890766
594,7.075079888515798,34.55601346687242,8.272646323307928,No,Yes,High,69.2004996310368
595,3.979967202290506,54.854039429350934,3.629665999023092,Yes,Yes,Medium,63.14283970549352
596,4.460250129413257,79.28731391507796,6.089949557852055,No,Yes,High,82.46127414011043
597,3.042472568435385,100.86243204567548,7.316925538419209,No,No,Medium,86.36074610250695
598,4.111413479847776,70.31190561513112,8.800118434640291,Yes,Yes,Medium,75.58304775991712
599,5.754600986089704,59.07995588156298,6.262146328740692,Yes,Yes,Medium,67.95919668011697
600,6.513977233290704,67.2565533834274,4.185170940937189,No,Yes,Low,77.949448817312
601,3.1556693516447494,90.62314628722277,7.929567168949204,No,Yes,Medium,76.36211381867264
602,6.73921184021132,60.310537313131974,6.046956416761556,No,No,Low,76.01774985410967
603,7.711275717609902,58.0121199002462,5.215500011364458,No,Yes,Medium,78.09272993925376
604,5.826869806447402,62.758847167269515,6.063481915430164,Yes,nan,Medium,69.97688813725304
605,8.753591625116131,55.70007087611931,6.723211963516226,No,Yes,High,75.52235916163175
606,3.452421601792854,71.84005473992194,6.09288300319268,Yes,Yes,Medium,65.42666894022119
607,2.510690593377166,94.3701768770434,3.6916509143513965,Yes,Yes,Low,73.8800744655614
608,1.4425595021914428,74.84618909674043,8.345599295330699,No,No,Medium,57.1884462354911
609,7.9920886229783665,66.21469746810568,8.912312561918084,No,Yes,High,89.84493379411532
610,6.308731312708115,65.62283096626683,7.977282987009259,Yes,Yes,High,90.27478809628587
611,4.8888306581790895,46.552137869550144,5.293471494362775,Yes,Yes,Medium,66.7432554660775
612,5.5599372526396404,83.24664665720738,6.697762699078723,No,Yes,Medium,92.89806374997919
613,2.749021905403247,68.83244204480798,6.990218027155813,Yes,No,Low,67.1307206139692
614,9.891503959233653,67.29280129614061,7.898191584342865,No,Yes,nan,100.0
615,5.258442363950455,117.8966135176729,8.002510733077122,No,Yes,Medium,98.59448662396711
616,5.218789589209786,74.48129362548529,5.898739301832256,Yes,Yes,Medium,74.58198579127547
617,6.451533247797384,58.72313424857224,7.1229933346203405,Yes,Yes,Medium,63.24535771023139
618,5.962018463473426,63.60463605691685,7.685920606922862,No,nan,Low,83.78523321260778
619,5.447768048558263,87.22668563795132,9.18373348322015,Yes,Yes,High,96.85039911645144
620,3.4190510891093764,71.69905615806647,8.056759809737084,No,Yes,Low,68.13748352497358
621,5.942936714271991,48.4258303252395,8.183585031063279,No,No,Medium,69.50667388213348
622,8.764048992950068,83.78843401862805,7.125739941894041,No,Yes,Medium,96.11401483940737
623,7.690840092309955,59.97783871691509,9.115688717805256,Yes,Yes,High,87.4497939926061
624,8.186373253278795,98.09946664326318,7.614644193939246,No,Yes,High,100.0
625,3.9775686471376295,86.20072098571973,5.708368134739644,No,Yes,Medium,69.13560129726156
626,3.020790359482838,63.29017156511873,9.105054955187786,No,Yes,Medium,68.21190099966873
627,,89.2152454260267,8.046854908808541,No,No,High,84.24840746409104
628,5.111449824577389,71.01783265791104,6.335433968307276,No,Yes,Low,76.67993326135596
629,7.188383036941897,82.79160512683329,6.280760548901135,No,Yes,Medium,93.57540889670798
630,1.6150707405703613,77.27099225941713,7.4448633177111425,No,nan,Medium,63.89613824966445
631,8.059100638921228,57.3046501751369,7.694777192901377,No,Yes,nan,83.63407632716672
632,4.683984202842021,60.346752515238066,7.295938398446809,No,Yes,Medium,68.93705541077111
633,4.14623786010516,85.44941226371742,7.466963010164327,No,Yes,High,85.19471312347052
634,2.975791249479665,64.97837001840189,9.549936061864571,No,No,Medium,69.4339687067344
635,1.6902866562684613,63.94527305137005,8.607314728352328,Yes,Yes,Medium,61.0106218416027
636,6.646341167923829,55.673161309759706,7.285953386897536,No,Yes,Medium,70.13350136935271
637,5.146635934376808,76.35398598390192,8.411965871151224,No,No,Medium,79.53831502596229
638,2.4200782005178922,100.93787378864718,5.451214144708691,No,Yes,Medium,82.3940915720004
639,2.409842455872768,53.9870062861859,7.596890574920213,Yes,Yes,Medium,57.14254575004427
640,4.328430601419743,70.36329185009137,9.713959524599666,No,No,Low,79.61399240889982
641,8.338043050578786,91.18330833123144,6.67293115691144,Yes,Yes,High,100.0
642,4.48081729727279,68.80537913131427,5.728549107071373,No,Yes,High,76.63365667791442
643,1.9937140937637876,76.78557694374601,6.021866667110409,No,No,Medium,65.05653358284125
644,4.508513871828112,54.0640970777968,5.365550443986417,Yes,Yes,Medium,61.204075643929976
645,4.454552860504659,76.42460645811472,5.822857137808445,No,Yes,Low,62.47747168641898
646,-0.3937732858831433,67.19283602493176,6.444237852114957,Yes,No,Medium,48.71559903616543
647,4.8914102669643755,84.78594993519795,4.8916494712320375,Yes,No,High,78.64423805533286
648,4.538130939582644,87.81079077347127,7.023427500924405,No,Yes,Low,84.7069285879437
649,6.3924127296268365,108.84345463027921,8.35341576067997,No,Yes,Low,100.0
650,8.69791218989069,78.69449759820364,5.638365729779619,No,Yes,High,93.65196723216151
651,7.253130059095515,74.8869447487325,9.278925885462654,No,Yes,Medium,82.32027405031515
652,4.462222618890339,72.91576452366004,7.766188132791392,Yes,Yes,Low,71.15747066043589
653,2.7869481825166593,64.70250560783967,8.545870878436086,Yes,Yes,Medium,67.5308198833709
654,10.14671960649972,75.07725765192536,6.013248169221795,No,Yes,Medium,100.0
655,5.118436868028977,65.56897884791456,8.281787840599923,Yes,Yes,Medium,75.26797382007948
656,5.027858583825893,72.52691464404421,5.3620991494070305,Yes,Yes,High,76.96239529639767
657,4.951749825779993,89.7639630341194,8.335371251254763,No,Yes,High,91.92969201933941
658,5.39616952153571,54.90186152080538,7.257759009690297,Yes,Yes,Medium,66.38853473794049
659,4.711279176152115,87.09817841693568,7.8298768299771755,Yes,Yes,High,85.97976791355218
660,3.8526759862395275,89.75672601009798,5.236608091562722,No,Yes,Medium,74.79688412134134
661,3.9062821175192157,68.22897209513381,5.657395236585093,Yes,Yes,High,72.80575205276054
662,4.934493459568003,38.17217651487108,7.895842327380077,No,Yes,Medium,61.52333485810631
663,3.91315045773247,60.882670193583515,5.577477993663699,Yes,Yes,High,66.2357448188915
664,3.5743084346456713,89.45491819841664,7.694809438148685,No,nan,High,76.13262539379932
665,5.212860455383794,69.65697906551677,4.949293290309631,Yes,Yes,Low,77.76067532841094
666,4.490045565158289,55.01046651557634,8.272261319000002,Yes,nan,High,78.06071648995555
667,8.007985977165378,62.42837618157674,5.151215027847236,No,Yes,High,78.39202454430823
668,-0.301939616786024,82.60930039756829,7.8284499065192845,No,Yes,High,57.641266772832566
669,7.1830137038449235,78.20100352302069,7.938446400469001,No,No,Medium,92.10823648021577
670,7.492170384995259,66.41601851245458,5.954842272355638,No,Yes,High,88.0006177755118
671,0.8532195351837011,64.49763382277969,7.87303985062709,Yes,Yes,High,52.738221214021664
672,4.314624811839303,64.12362776434267,7.390663395000334,Yes,Yes,Medium,56.1812701587349
673,4.257118268008417,56.163847232522464,6.1917372157108925,Yes,Yes,High,71.4649879519723
674,2.1849766105643575,94.23063534204162,5.487167973885688,No,Yes,Low,77.33484458514395
675,3.444366624818249,65.1651929618299,4.056061462491131,Yes,Yes,Low,54.234782395153104
676,2.7788483090683425,88.25737781238244,7.52447507094954,Yes,Yes,Medium,72.62503242324043
677,8.504540886847245,92.81974077883677,4.652795842956918,No,Yes,Medium,100.0
678,6.871356786294922,84.9746634722194,7.143016299161962,No,nan,Medium,99.21903892572055
679,7.543110189988317,63.52569530922928,6.604827675876626,Yes,Yes,Low,88.32583683400874
680,6.44334412808647,76.05595135504915,8.018714163157293,No,Yes,High,85.76491907990312
681,2.7418964575655416,69.63706590413626,6.546931750765204,Yes,No,Low,65.42832220609387
682,3.9509594674404527,56.44447208904808,6.505828320479363,Yes,Yes,Low,63.15391860695068
683,5.978749122455836,74.86538922582405,8.097806056432443,No,Yes,Low,89.69563184802641
684,2.5557443822161092,52.31440313260296,7.502587043626177,Yes,Yes,Medium,52.28194370614983
685,6.425996860344776,87.81519082692346,7.474233935774167,No,Yes,High,87.76466373352118
686,4.5193492036837295,63.03074054052411,7.70390138471279,No,Yes,Medium,76.14849628267426
687,4.250358384900805,73.01739483809259,4.696641815189341,Yes,Yes,High,71.04947305176931
688,6.421919936406983,74.24931807319213,8.135183019980474,Yes,nan,Low,92.67785515167309
689,5.88852662297208,66.11642539443883,7.918703191020404,Yes,Yes,Medium,75.70146529491554
690,4.278067668361841,78.80040702212912,5.474975307135255,No,Yes,Medium,74.94758658556104
691,7.318659606728496,62.876445150662136,6.633879289488698,Yes,Yes,Medium,77.72078102877597
692,2.8378733448002054,83.06945946185866,6.9410390685585535,No,Yes,Low,72.67122007191836
693,6.231871213888527,49.81030479629877,6.798254823397401,No,No,Medium,63.71374396373065
694,6.186202515936768,71.89569369319618,7.500789949852802,Yes,Yes,Medium,80.34853900336209
695,4.38090712137202,99.08393498587427,9.147050172746775,No,Yes,High,83.05124042176675
696,5.652266044484236,54.995030130916376,8.622650091509243,Yes,No,Medium,76.74950854140464
697,2.497772847229394,59.83382544212723,5.031671209852891,Yes,Yes,Low,60.77784268421761
698,6.848054038413802,77.70861774488372,7.933104985459073,Yes,Yes,Medium,80.53896437543312
699,,72.69372672909397,8.993399979303113,Yes,Yes,Low,84.64425283922667
700,3.954553958961921,75.25945148910338,7.580212781033804,Yes,No,High,87.00854952922018
701,7.098018451673779,77.33780695221495,8.63647063777895,Yes,Yes,Medium,91.20378320765592
702,3.5913126189144817,79.52082202842655,10.018405668551148,Yes,No,Low,74.7378333004666
703,2.1830774072728807,86.64549762934334,8.535564319160471,No,Yes,High,87.51092728540743
704,1.8867416529521925,76.14727985392769,7.373962893462593,Yes,Yes,Medium,58.81789034589127
705,6.21201990269128,66.38113518072187,8.56763271112713,No,No,Low,81.52634874016974
706,2.439141295007434,80.08860551804096,7.217331749645337,No,Yes,Medium,70.57934804928796
707,8.50958836396873,98.49822902342824,7.035854564927433,No,Yes,Medium,100.0
708,0.8361411842325559,68.0104938042614,6.472878646429401,Yes,Yes,High,57.33403148252643
709,8.392912736580076,55.38206042994038,9.345120038248162,No,Yes,High,84.18011209653606
710,5.422034934405237,86.60621003930459,5.7723570010869985,No,Yes,High,79.87316877384049
711,4.806573776259215,68.19428254069602,9.298551587017174,Yes,Yes,Medium,75.17587606670442
712,3.9101618263821005,37.409956809789456,7.749796185610557,Yes,Yes,Medium,50.56582524162112
713,5.798272228704142,82.71132515725633,4.9010407377970875,No,Yes,High,83.56826309207672
714,4.9247305951503035,61.97007721069116,7.551473939487132,Yes,Yes,Low,69.38711411160408
715,7.2066037640330425,68.64200076543759,3.8499602385225637,Yes,Yes,Medium,73.90048064064581
716,5.228455297324079,74.97970495853522,7.938262025246553,Yes,Yes,Medium,86.81954468939637
717,5.300603522923756,72.857495196686,8.327847224483486,Yes,No,Low,77.78651750373488
718,4.272775575572288,80.6417772570856,6.11146606652192,No,Yes,Medium,70.54145397356783
719,4.886108752557865,63.46770444145235,7.185321543933373,Yes,Yes,High,71.5024317875189
720,5.615603537784119,77.69658697264124,9.93123615062543,Yes,nan,High,86.37785061693795
721,1.5796632146867489,66.10679983624124,6.241379943607095,Yes,Yes,Low,48.919206688644344
722,2.303629155788574,81.08215721331254,5.411638619415099,No,No,Low,69.05961448663177
723,6.48652818804543,79.23051226019581,9.222495103693898,No,Yes,Medium,84.6358392572837
724,5.341730876255884,55.96841946933107,9.943880785796193,Yes,Yes,High,82.50979966672638
725,4.632033327294642,86.28973174262549,7.005543507771771,Yes,Yes,Low,85.01547061384844
726,5.036867866130787,61.96054832328928,8.517194553112535,No,Yes,High,71.86731307242164
727,5.695163410723342,82.12086697421718,9.012213873296322,Yes,Yes,Low,83.77748663173246
728,3.920480639381277,75.50930970102011,5.886273651192424,Yes,Yes,Medium,71.9355075713386
729,3.4433905491953745,97.57275515192684,6.272041246948198,No,Yes,Medium,84.87203825159689
730,5.391690510195363,66.64801026442221,8.846311769732102,Yes,Yes,High,78.07471590884276
731,3.0432544447699357,64.76024805822703,9.527521418062765,Yes,Yes,Medium,66.42200069656926
732,5.816505511428944,69.708705911684,7.844321290261532,No,Yes,Medium,80.73366475967556
733,1.5948327915243192,65.45230325748587,5.680278469746918,No,Yes,Medium,53.6999386981139
734,7.058311274651287,81.99912852913076,9.980591667549161,Yes,Yes,High,93.02264536733998
735,5.9451949648260864,45.75534087345118,6.203543653282053,No,nan,High,56.64633796785642
736,5.5120594686277515,54.194763712804686,6.497293328242822,Yes,Yes,Low,74.56703261338045
737,6.965381967891028,53.9829561763121,7.5135067517344325,Yes,No,High,78.84589394735582
738,8.330948888925153,84.25461387960364,9.331240631072161,Yes,Yes,Medium,96.94678647708444
739,7.028740130036261,95.65920058872888,8.280963964828336,No,Yes,Low,100.0
740,1.3182515373367094,68.43326172193792,7.622298250542865,No,Yes,Medium,59.73060308159753
741,2.440846066528597,67.46767415214984,7.694932795177159,Yes,Yes,Low,58.77084586979021
742,3.7503628446086426,71.05078244669772,7.065272002965199,Yes,Yes,High,75.16403753499829
743,5.052182100421668,87.42817453912286,7.837209271777759,No,Yes,High,87.84379893013858
744,6.035318040938246,56.089702987141386,3.2056598834585452,No,Yes,Low,71.02347446536415
745,3.548512373693069,73.57553474102178,6.5550888113953025,No,Yes,Medium,68.49340160254611
746,5.373533528954157,84.62796444673644,7.361982902375171,Yes,Yes,High,87.58174120540231
747,3.489234135293355,77.51641254909768,5.273478874570739,No,Yes,High,69.47914308174836
748,3.7769643940161037,72.84372424898115,7.57948497671734,No,Yes,Medium,75.29329112785305
749,2.1866778063035555,85.01569138850712,6.6932931685208175,Yes,No,High,60.85512535479135
750,3.1535335077781914,29.451515605011444,9.633213547473236,Yes,Yes,Medium,48.307147529579524
751,2.2966307887673327,80.16812979296361,9.359529587822284,Yes,Yes,Medium,80.26111444036252
752,3.0482534940453343,60.188864753088644,6.301291646322756,No,Yes,High,57.537785798334134
753,7.107283593215679,42.54050654715314,6.773743432649957,Yes,Yes,Medium,68.36233007476115
754,3.1012022223361138,77.66803899287471,6.889078651587411,Yes,Yes,Medium,68.81651718660488
755,10.26476412967478,90.60487817744436,6.322510785760566,Yes,Yes,Medium,100.0
756,5.9866358017617785,67.93827228058463,7.29253747604219,Yes,Yes,High,68.61863833832967
757,5.369672247389747,84.29311820804408,5.862576896668615,No,Yes,High,82.19224450066017
758,3.2832844396375727,94.18417386982968,5.304076997593711,Yes,No,Medium,78.91105643080465
759,6.4006197588179825,89.72371680376071,7.934066835850403,No,No,Medium,92.92300217688849
760,3.848724347524452,94.59946794057089,7.944294376332716,No,Yes,Medium,83.4277539760053
761,5.244019629290723,81.13191236607838,5.793526360510011,No,Yes,Medium,81.3314805017114
762,10.12016907653759,71.13150458352389,8.343033146143899,Yes,Yes,Medium,100.0
763,4.8078802005507,45.97051282154247,6.052633406252003,No,Yes,High,60.9316464711057
764,7.298546652571352,66.30906267805076,7.379747857056972,Yes,Yes,Medium,81.98327581862847
765,3.593647149748225,57.35130107025712,8.230516018918685,Yes,Yes,Medium,63.318054507257564
766,4.930023019006077,102.5641407624672,6.949581152944431,Yes,No,Low,94.70340514907815
767,8.54160127127102,67.36171281351496,7.682111368211702,No,Yes,Medium,98.39673016204735
768,3.746065884424465,71.84807210176729,6.225355534168642,Yes,Yes,High,67.11104047595022
769,8.624897115993857,78.27228064060701,6.705300124857854,Yes,Yes,Medium,96.48920642724971
770,6.415503870910951,70.65403669558681,6.69121085367949,Yes,Yes,Low,83.91802600098787
771,3.8750664482114647,95.4257656064613,5.8801324801896415,No,Yes,Medium,77.24395076276569
772,6.264815478111042,60.66025957398322,6.734838755326327,No,nan,Medium,76.70569178094748
773,6.9451088992534595,72.91911182855864,4.67707255170438,No,Yes,Low,75.99666373625469
774,6.243619924434393,58.86294121452927,6.263269379286843,Yes,Yes,Medium,66.19843200366662
775,1.8595505602190872,50.19966233168941,6.572686759945494,No,Yes,Medium,53.18876483822647
776,3.545725648350263,60.82346363642072,6.61573037125693,Yes,Yes,Medium,62.38699997464094
777,4.504962728896991,69.44444804427383,6.637753831193832,Yes,Yes,Medium,73.97126293771207
778,4.851133141799908,63.5604666322411,6.907353700209806,No,Yes,Medium,71.80968200943015
779,6.241344195101356,59.61368530189216,7.7191622771290955,Yes,Yes,High,72.27388601813811
780,5.355402001866508,48.90523804492249,8.311775611198783,No,No,Medium,68.2997872544774
781,,68.75341641056959,6.0253521597276,Yes,Yes,Medium,55.923525043492724
782,5.760395702011927,47.42919438953497,5.195198716916283,No,Yes,Medium,72.8254781041277
783,6.221171490567646,81.40083945534404,5.436933381635345,Yes,Yes,Medium,78.44015976888902
784,6.11958089586208,71.23659629401755,6.269195618207609,Yes,Yes,High,79.70052056539436
785,7.161561451109243,48.13672750802604,6.472118023275236,Yes,Yes,Medium,68.85057397169865
786,6.667844309097808,65.36186384425204,5.845005900703814,Yes,Yes,High,82.55234426071472
787,5.918360158456873,58.71765391614125,5.055825003625158,Yes,Yes,Low,70.40128081906923
788,4.859668577082706,74.78761765628771,6.315818758788717,No,Yes,Medium,74.24796633745643
789,1.6780781329680172,90.10675669034717,7.272139930170957,Yes,Yes,High,75.59730558499257
790,5.859236438265172,41.872412955313834,7.892544198753347,No,No,Medium,66.92097644674197
791,5.4153753743262225,71.72539118721126,6.163865420337518,No,Yes,Medium,80.21174551215849
792,5.543157674390747,67.5980080665004,6.380503266784849,No,Yes,Medium,71.49318780556305
793,2.446502848359381,80.07010114675698,5.609952536729034,Yes,Yes,High,60.752171715433015
794,2.8378869191834752,73.19794942356533,6.952841244437836,Yes,No,Low,68.24891515163438
795,7.1063057066658075,58.72046002391771,5.727357048713778,Yes,Yes,High,76.61720237293788
796,4.92088969228669,65.21419096500072,7.8596917198618,No,Yes,Low,77.31490252389436
797,6.363001394745249,58.05961214794766,4.3212002620988335,Yes,Yes,High,72.44921040153329
798,5.056636752260922,86.14010707897897,6.460555491321307,Yes,Yes,Medium,84.60296221042236
799,5.05951227899149,70.31967473007913,7.451661008787613,No,Yes,High,68.75272318134019
800,6.876567611951995,98.5178602862951,7.275751774483757,No,Yes,Medium,100.0
801,3.967910543565252,69.0900877927807,11.039550495970744,No,Yes,High,74.82689201243872
802,5.192241553881967,59.37389849634306,7.524700036851861,No,Yes,Low,75.56961113655862
803,4.075449422589915,47.294284110807595,5.493918104736984,No,Yes,Low,54.39890783164466
804,4.131007545135369,42.95290485616083,6.85680362936639,No,Yes,Medium,59.83420024751595
805,4.381655753062721,46.23796085491765,4.335630499800322,Yes,Yes,Low,51.52496409837774
806,5.444267543267426,74.00689976517225,6.879100376054859,No,Yes,Low,82.01791346985374
807,4.042502756673045,77.63087534844901,5.750415914498862,Yes,nan,High,72.12732875472268
808,7.511512251147042,46.282139469518,8.373085413340242,Yes,nan,High,77.13652988060682
809,3.2107853955609924,83.42557471114173,6.175689588106698,Yes,No,Medium,77.06201929197385
810,4.626256711677282,62.75408422474841,6.82485112630713,No,Yes,High,64.22231711038914
811,4.12053788345165,72.20189517978324,6.046663237893394,Yes,Yes,Medium,68.47690529783213
812,7.893955768707466,94.18330942383136,9.608277027779998,No,Yes,Medium,100.0
813,5.393109553023149,83.45258973798298,6.518135850823133,No,Yes,High,94.30815825131715
814,7.063689078937269,65.97204028141252,9.748835565218803,Yes,Yes,Medium,85.78081200087912
815,2.028879253926056,56.63211661877069,8.2212276431774,No,Yes,nan,60.267168713485134
816,5.534100531738518,37.72276898006042,7.723100091003079,Yes,Yes,Medium,62.49769964276483
817,6.779261591246874,59.212700211363696,7.553099720976279,Yes,Yes,Medium,88.88797490524581
818,5.164567978550848,66.83304641758458,7.590695947324377,No,Yes,Low,67.02980591423407
819,7.130960750130702,55.19230709273224,4.1084911309815855,Yes,No,Low,75.08877150247898
820,3.9654230997992554,68.03114549361543,6.5816749087738655,Yes,Yes,Low,61.6302664186227
821,7.81869488037116,71.15277824438152,8.267736956776481,Yes,Yes,nan,78.14894257930916
822,9.5977962472385,66.62716027287883,6.926654224788842,No,No,High,96.30295858434837
823,4.274322879120682,60.249961287648105,4.892215229794637,Yes,Yes,High,65.92758085635798
824,4.1089949571984565,72.52982007950092,6.9213933241337955,No,Yes,Medium,71.63687464739306
825,7.906768954235401,76.62910974354114,9.556158274383236,No,Yes,Medium,94.83143464489099
826,8.159144291461425,53.64401383835731,8.870337573302079,Yes,Yes,Low,99.67405848907386
827,3.9542799456934636,91.16398569619405,6.906993985950953,Yes,No,Medium,80.37376969670159
828,4.159626365808285,68.52117801573607,8.42717391558713,No,Yes,Medium,75.64213815896025
829,4.436430782278985,70.28274434417271,6.450239469447922,No,Yes,High,69.59877395760988
830,2.311098977931446,80.62321634884836,4.444192619759922,Yes,Yes,Medium,67.52074759403061
831,3.1626961070316035,73.49824196895253,5.613301017805668,Yes,Yes,Low,66.5260463122072
832,2.9917184664958643,84.29704950869868,9.344333152762296,No,nan,Low,74.77186522324682
833,3.464404869791743,74.30686247802737,6.589010377256043,No,Yes,Low,79.7445582667854
834,4.930630225226437,60.81343938039343,6.634924030937473,No,Yes,Medium,76.44238935676235
835,5.468429465073042,75.42255287809152,6.550242705587679,No,Yes,High,80.86323351557581
836,8.101000985628154,52.844106890190076,9.85620488435951,No,Yes,Medium,73.18294406193331
837,3.003291918522418,71.62839558664784,9.438938373043095,Yes,No,High,68.85069135806367
838,6.968644796953168,69.5015501403331,10.3281703501722,No,Yes,Medium,100.0
839,,66.87824714091191,6.761432184399923,No,Yes,Medium,70.97363426050774
840,4.901072580695134,68.07193732841604,7.443436733120643,Yes,Yes,Low,80.53900721734918
841,6.3496389843332075,41.77226431753542,4.725036175868813,Yes,Yes,High,72.33926300907272
842,2.7545559568754028,61.76912638388558,9.215401639177411,No,Yes,High,65.43336654417486
843,5.764819492368101,71.39267351711672,5.248330673098097,No,No,Low,73.72691312259178
844,5.332904416426112,72.39784587996101,7.325163345643944,Yes,Yes,Medium,66.8106271697563
845,5.984902528016298,54.58487288611063,5.354046208550734,No,No,Medium,74.0701693124343
846,5.5783372878156365,88.98561761297051,6.116699759891956,No,Yes,Medium,82.86158629940822
847,9.91060027982179,57.007377276782485,5.744106353425449,Yes,Yes,High,90.87506978113831
848,3.7245200314973683,84.54185800790106,6.088187108986273,No,Yes,Medium,70.08799197852538
849,3.9380060899963647,76.40791542807527,6.191315945276532,Yes,Yes,Medium,72.02837655100211
850,3.753718947150471,60.30659035234295,6.177596807612384,Yes,No,Low,64.62674188198872
851,3.8890457616794905,96.62966338914268,8.250000867670462,Yes,Yes,Low,87.05850656855509
852,3.7252257453869646,52.095447523652794,5.34270581040622,Yes,Yes,Low,53.64837565179313
853,7.378033062215104,83.78731260415002,7.3308121405208,No,Yes,Low,99.8763343944747
854,7.841008495979709,85.00873477064468,8.826938728458337,Yes,Yes,High,95.39675816772116
855,3.8585074125010475,59.94069686385033,6.230205453229906,No,Yes,High,56.43753102978953
856,3.3352888537915426,90.88697950096493,5.9231216638785975,No,Yes,Low,77.0149184893814
857,5.942831112772808,66.2493022810157,6.654213062229624,No,Yes,High,78.02432336779334
858,3.8955539114380575,74.33040443919785,8.769587812541065,No,Yes,Low,76.02164736197827
859,6.265863635511021,73.90482758156831,7.291161446430037,No,Yes,Medium,90.70885590472518
860,5.405846041702599,67.98536887794178,6.203178558088602,Yes,Yes,Medium,74.58056171265962
861,1.9685117700055361,82.16212409739673,7.725814976782059,Yes,Yes,Medium,68.61224486401788
862,8.095010402660122,81.9023308082832,5.346561775245365,Yes,Yes,Medium,88.27866444024112
863,8.591755346191043,43.772020401427284,8.022039265664421,Yes,nan,Medium,84.27812389181011
864,3.7744226190312276,89.56510364317229,7.612910961552651,No,Yes,Medium,81.82449208148037
865,4.224596880128032,45.062620179464886,6.538287293291674,Yes,Yes,nan,57.28780216578778
866,5.57173078144981,85.48819306512486,5.742121302329154,No,Yes,Low,75.18405714455425
867,5.66891357997405,86.90057705241375,5.669978616574814,No,Yes,Low,92.98643495125532
868,6.317088545345661,53.63550354677203,7.802226004518865,Yes,Yes,Low,68.46892161058385
869,9.0204090775327,63.83778568068123,8.843470753733593,Yes,Yes,Medium,90.16650854686955
870,4.646105545011901,53.41442997271096,6.044038379456808,Yes,Yes,Low,66.65925854963723
871,3.4034055109230925,66.77618454566897,7.687580055327226,Yes,Yes,High,61.94572349529763
872,2.2413615439709456,65.37948573721388,3.8694594720968967,No,Yes,Medium,49.95167229172676
873,3.538139920116162,81.6949079840401,6.1230734040142005,No,No,Medium,63.497033803856496
874,4.933746054252405,89.65463119179412,6.953411600693647,Yes,No,Medium,88.97825152539345
875,8.589115727035576,90.93525716184934,5.635474874527249,No,Yes,Low,98.15528797838584
876,3.964777401927657,61.567479601325466,5.595240437815606,No,Yes,Low,79.97587709708257
877,5.447575903277797,66.86167189383208,5.99833066529667,No,No,Medium,70.17114898186776
878,4.967154207854496,44.74842711668575,7.43828909248956,Yes,Yes,Medium,59.045099287530974
879,7.376786546896168,57.911949002557165,6.719006472390438,No,No,Medium,77.38735687775286
880,10.053864851747242,84.47277449646187,3.642653150012542,Yes,Yes,Low,100.0
881,3.938262454159359,94.23374235322348,3.818949771047401,Yes,No,High,77.07077525165919
882,4.021121114963556,51.48476692180117,6.089702233214237,No,Yes,Low,64.20673222810623
883,7.0883217541381445,61.11303611270659,7.686529879080328,No,No,High,76.78485985492806
884,6.363782979252623,69.60391364561609,2.878742735912148,Yes,Yes,High,69.98551292022151
885,8.693414651472068,74.2024173822941,6.250404735772554,No,Yes,Medium,84.73098660865288
886,6.167856370651927,57.85594720117531,6.210628215223869,No,No,Low,63.01821028710399
887,4.281415818425881,76.36091566696135,9.082506667312671,Yes,Yes,Low,75.75549191979707
888,6.181309661384619,62.89240979393626,6.422467282430705,Yes,Yes,Medium,75.46415755014965
889,7.2174071611658155,69.78321593682581,7.574483477111393,Yes,Yes,Medium,83.30213522877682
890,6.640964362394728,78.19426372005549,7.211885710131195,Yes,Yes,High,93.85276332889725
891,6.014548062214596,70.09633404716406,3.804150280289199,No,No,High,82.81876468793543
892,7.133349379178307,63.45421164210147,8.152310824947605,No,Yes,Medium,81.93593608006773
893,7.3385911808913455,68.35585294111253,7.323094758184432,Yes,Yes,Low,77.01969492842883
894,7.764317982075054,68.67455561191997,7.762402959511885,Yes,Yes,Medium,85.75806673643673
895,6.297419775179286,64.44983455176808,12.889356559654491,Yes,Yes,High,83.03142716619091
896,4.665763839366291,66.11805905999347,3.8738305907521173,No,Yes,Medium,65.4178887046573
897,5.293427372866645,93.97970755757075,9.587044974641662,Yes,Yes,Low,88.82613640676404
898,7.413017933016714,78.41379171911858,6.568828720899466,No,Yes,High,87.18075654458983
899,3.366128658025528,65.56779522956259,7.430993356604514,Yes,nan,Medium,64.91596052433277
900,5.737346617745803,80.45431606766104,6.931731632048137,Yes,Yes,High,81.18559027806661
901,4.213322375345278,64.99270765365985,6.363645499902935,Yes,Yes,Medium,70.13429165889515
902,5.057489645869635,87.59686956379961,6.145250607641862,No,nan,Low,85.73328249700769
903,7.556903725214598,75.54463288297141,7.494263103359514,No,Yes,High,86.21827349307036
904,5.382198136039807,68.39046783993656,4.724239454992482,No,No,Medium,80.43953950817355
905,5.092873096312298,76.71575388715416,8.125868751282649,Yes,Yes,Medium,76.12653686931853
906,2.2802877180401615,46.43685771897251,6.375708392672119,No,No,Medium,43.04157059279683
907,6.492507132054442,53.09848796635292,5.304895991439463,No,Yes,Low,74.03529162397406
908,6.29096836228215,52.091124904014166,6.32498071300628,Yes,No,Medium,67.85785626581259
909,9.32650944661092,72.1441464214556,8.885723825293859,Yes,Yes,Low,100.0
910,4.384443530093998,95.98772499227638,6.196997369475666,No,Yes,Medium,73.14191221942933
911,5.438300655327878,103.46950219288948,7.53768042731443,No,Yes,Medium,100.0
912,5.498767367421511,79.57076652161136,5.90356558642679,No,Yes,High,84.97558215811664
913,8.15490655952695,77.51266712416685,8.136882774885429,No,Yes,High,87.7152896640022
914,4.809408935226096,42.984133987708915,8.028261608185307,Yes,Yes,Low,55.37443551296283
915,5.558043051540679,61.859893003989676,9.772913249944617,Yes,Yes,Medium,86.02996565434908
916,6.215793019433079,58.183243721376414,6.736654081751177,Yes,Yes,Medium,71.45977582874869
917,5.3732182463127165,60.68728602623326,8.00298220713686,No,Yes,Low,69.95577952642498
918,4.107132770898944,67.47784272122816,7.147101309308417,No,Yes,High,59.46727993008302
919,5.388179985796615,62.91864133454309,8.943807672794522,Yes,Yes,High,74.68480878270196
920,7.1472634997195446,40.310502844363185,5.921751418586904,Yes,Yes,Low,68.28544079904506
921,2.9469694011778795,81.218653841763,8.117507969315922,No,Yes,Medium,77.18916427320849
922,5.265939348293752,53.9088546139029,6.7079540558249775,No,Yes,Low,61.70530710034093
923,3.599758370121654,73.58870296166724,6.9037177343372536,Yes,Yes,Medium,63.676291466382715
924,7.390093257849685,101.1112400462496,7.137628726672559,Yes,Yes,Low,100.0
925,1.9536261904324506,56.20923112620365,7.378360594640016,Yes,No,nan,60.783616489751196
926,3.8821563054568236,32.04568715880505,6.825656435317063,No,Yes,High,43.8275729207493
927,5.754423750129042,65.70993667179833,7.322069774755789,No,Yes,Medium,82.94392937268552
928,8.13104805846868,86.51439452497857,9.367177086343277,No,Yes,Medium,100.0
929,4.868499477854025,99.37521181330891,8.478174528422828,No,Yes,High,97.22868968647819
930,3.8896009466136032,51.55675608321375,8.303731888745345,No,Yes,Medium,62.89495876027442
931,8.76231413888118,77.45048834854782,6.316690710964194,No,Yes,Low,83.1242970649565
932,2.103972199167512,63.0203431482992,5.666138757657514,Yes,Yes,Medium,57.01757606801222
933,0.6023880867598361,68.41077468543797,8.432950837356628,Yes,Yes,High,62.33639383132255
934,5.880028900106665,109.66515020525551,8.314070188794691,No,Yes,Medium,96.80085928424279
935,3.9958915512947777,47.4554450740727,9.209006013626473,Yes,Yes,Medium,60.82021688967736
936,2.9575343657385735,73.8060949224186,6.094029061046156,No,Yes,High,66.64411946253338
937,6.416712894598707,77.01539757648149,6.655677016959479,Yes,Yes,High,70.87214983494388
938,5.487601427542398,86.2867948740902,4.540773756211848,No,nan,High,91.64327024562749
939,3.871842738526543,71.46974730206342,6.41129334090869,Yes,Yes,Low,66.34483958400571
940,2.439391202658211,74.62075809256153,8.49485576586917,Yes,Yes,Medium,71.0101435396497
941,6.744914656560289,64.12527148867314,6.300256931157703,No,No,High,79.54155433550606
942,6.300402355917322,74.0369041186766,7.960719692801236,No,Yes,High,91.21122157412454
943,4.801648272441234,64.85211586753884,6.7142453410032825,Yes,Yes,Medium,74.12085018109931
944,8.693273992095332,79.32357834784077,7.486085542332341,Yes,Yes,Low,96.5902034315433
945,2.859830467347695,64.45584495934548,5.278462915276499,No,No,High,56.963739618472765
946,1.9489496581505223,75.6565059085328,7.127814174450852,Yes,Yes,High,69.14115693219547
947,3.616183860237511,69.56105779472533,2.513296043648915,No,Yes,Low,54.702105001037076
948,4.908827967289004,86.89075376158252,6.719655762757022,No,Yes,Medium,86.82814175027967
949,5.486678898645383,69.22909414617271,4.55429013442729,Yes,nan,Low,69.27452652052895
950,,43.40451297689678,8.808991774820225,No,Yes,Medium,68.8633404073089
951,5.704110793028594,88.92882251070988,8.166111029146768,Yes,Yes,Low,90.7387407722732
952,2.496921151619112,56.414015487060716,7.700006472949122,Yes,No,Medium,61.90377953260585
953,7.887529208146519,60.1935049202677,9.28150934073907,No,Yes,Medium,87.13838917480366
954,4.835697643214862,61.065080589347616,5.576625218762744,Yes,Yes,Medium,60.22324447595099
955,7.234591663176255,90.61657139756227,9.621044796873338,No,Yes,Medium,95.10555612234559
956,5.685450692755408,37.96488679031957,8.398287346390577,No,Yes,High,68.00686301628473
957,5.913506438307568,117.0662280048999,6.645167069171581,No,No,Medium,100.0
958,6.139534560464408,85.84085213599077,8.703430220774417,Yes,Yes,Low,96.89739738154287
959,5.8954171200346295,73.3485837119374,5.340559731382548,No,No,High,81.62871338896944
960,6.285445519735088,69.1765899907557,5.7632287577084895,Yes,Yes,Low,74.95516488992263
961,7.658305060264863,74.28331112286486,6.087115415140449,No,Yes,High,84.92824614218968
962,5.39304233940294,77.81683642569007,6.206533437903977,No,nan,High,81.13953581825922
963,6.418007515177025,79.67823378925085,5.415163535859621,No,Yes,Medium,73.64812662595307
964,4.820528611425546,78.33406699005172,8.834624600642988,Yes,Yes,nan,89.82817119532734
965,7.880234430898946,71.34371021882873,6.611718399445253,Yes,Yes,Low,91.27570580968171
966,3.6472153958814606,67.03992369539012,7.528757452535319,No,No,Medium,75.10211305744838
967,8.60188086582163,67.73090074519732,6.1444729503794795,No,Yes,Medium,82.04426210520552
968,4.919684098711313,67.07637579470979,4.269095049177224,Yes,Yes,Medium,77.02250620234476
969,2.1384497957639037,87.00655145300597,7.405086037587133,Yes,Yes,High,83.16989760768385
970,5.2562088298215786,78.90335083421293,4.131617536870335,Yes,Yes,Low,71.45816441866138
971,3.6378966850502383,25.894170480035797,6.897048930871797,No,Yes,Medium,51.45108801430896
972,6.681287097977448,79.83851164794642,4.947527441750784,Yes,Yes,Medium,85.92763041840912
973,3.694752041395218,72.92104292078162,9.980913998846212,No,Yes,Medium,67.34183320404352
974,4.107633133570441,69.71936865331153,8.367044083262083,Yes,Yes,Medium,75.8489061868966
975,1.220918538108938,64.17222320366672,7.1586306869072205,No,Yes,Medium,60.33861787179899
976,4.095387361501847,86.86169079979021,8.895560016482003,No,No,High,79.52912778308757
977,0.15224134674208667,84.21289693184286,5.730526033801397,No,Yes,Low,65.49774836809861
978,1.8321943530285534,58.40683498264586,7.815219068005139,Yes,nan,High,48.4927379276116
979,,76.10578430686803,7.2997156505780705,Yes,Yes,Medium,78.68250210717817
980,6.571600317301664,55.42514898188071,7.396030122000505,Yes,Yes,High,76.84299904314221
981,5.85091512356993,49.305727528166045,8.908530250160151,No,No,High,71.79914451020124
982,3.066047713741574,60.59924163115052,8.098738154169704,No,Yes,Medium,60.232453870295465
983,4.90457728771604,82.93590208574138,7.433085494237535,Yes,Yes,Medium,86.50622361053733
984,4.992794921818863,84.2968756806413,4.517668845657556,No,nan,High,82.69168917437436
985,2.6832706216149145,77.6962813014594,5.559930557080804,No,Yes,Medium,71.88547047116386
986,8.006796603534301,80.87643680271995,6.815936599606414,No,Yes,High,94.03224486003069
987,6.7547245811513426,77.74267430672438,7.1400585614149765,Yes,Yes,Medium,90.8485693821329
988,4.558071652340672,60.37777607165572,5.3046944129891145,No,Yes,Low,64.83759225179784
989,5.053771677989062,76.47883817010911,10.617515013367631,Yes,Yes,Medium,93.99150310247946
990,5.416765615895105,82.00614287841523,9.27459108288036,Yes,Yes,High,82.4452971595821
991,0.9165302631514187,81.31436994720362,7.903177480588726,Yes,Yes,Medium,74.79187128178123
992,4.5056452349588065,87.83370057211964,7.108055291925617,Yes,Yes,High,82.89635992913222
993,3.6360315040044027,80.62455770801596,6.681686545148272,Yes,Yes,High,67.814890028362
994,2.996759980210169,75.27172311312374,5.572122309966646,No,Yes,Medium,74.64822499191061
995,4.43779941422809,86.05225357474642,7.1162207777782935,Yes,Yes,Low,82.16519602670836
996,8.595373053699046,69.6021811112641,7.386628810214126,Yes,Yes,High,96.5998443614359
997,6.28168572253402,56.771880231584234,5.1373591367775635,Yes,Yes,Medium,78.93763642404126
998,3.8576420204344064,67.55399554084354,7.501264625867346,No,Yes,High,71.82768218414255
999,6.145165562712317,58.82646032790326,6.7671114267628765,No,Yes,Medium,72.22580468420843
